time,temperature_2m_max,temperature_2m_min,precipitation_sum,precipitation_probability_max,windspeed_10m_max,windgusts_10m_max,weathercode,timezone,city,lat,lng,country,population,population_proper,temperature_category,precipitation_category,wind_speed_category,is_rainy,risk_score
2026-09-15,28.7,21.7,0.0,0,11.0,31.0,45,GMT+1,Casablanca,33.5992,-7.62,Morocco,3950000,3215935,Warm,No Rain,Breeze,False,10
2026-09-16,25.9,21.0,0.0,0,14.0,36.4,45,GMT+1,Casablanca,33.5992,-7.62,Morocco,3950000,3215935,Warm,No Rain,Breeze,False,10
2026-09-17,25.8,19.9,0.0,0,11.7,33.5,3,GMT+1,Casablanca,33.5992,-7.62,Morocco,3950000,3215935,Warm,No Rain,Breeze,False,10
2026-09-18,26.3,18.6,0.0,3,14.0,36.4,45,GMT+1,Casablanca,33.5992,-7.62,Morocco,3950000,3215935,Warm,No Rain,Breeze,False,10
2026-09-19,27.0,19.9,0.0,0,12.4,33.5,45,GMT+1,Casablanca,33.5992,-7.62,Morocco,3950000,3215935,Warm,No Rain,Breeze,False,10
2026-09-20,31.8,21.5,0.0,0,11.6,29.9,2,GMT+1,Casablanca,33.5992,-7.62,Morocco,3950000,3215935,Hot,No Rain,Breeze,False,20
2026-09-21,30.3,21.6,0.0,0,13.6,36.0,2,GMT+1,Casablanca,33.5992,-7.62,Morocco,3950000,3215935,Hot,No Rain,Breeze,False,20
2026-09-15,30.2,21.5,0.0,0,13.2,31.3,0,GMT+1,Tangier,35.7767,-5.8039,Morocco,1275428,1275428,Hot,No Rain,Breeze,False,20
2026-09-16,26.7,18.2,0.0,0,19.0,44.6,3,GMT+1,Tangier,35.7767,-5.8039,Morocco,1275428,1275428,Warm,No Rain,Breeze,False,10
2026-09-17,26.1,16.6,0.0,0,12.0,28.8,3,GMT+1,Tangier,35.7767,-5.8039,Morocco,1275428,1275428,Warm,No Rain,Breeze,False,10
2026-09-18,28.4,20.3,0.0,8,18.3,44.3,3,GMT+1,Tangier,35.7767,-5.8039,Morocco,1275428,1275428,Warm,No Rain,Breeze,False,10
2026-09-19,27.7,21.9,0.0,0,31.1,73.8,1,GMT+1,Tangier,35.7767,-5.8039,Morocco,1275428,1275428,Warm,No Rain,Strong Wind,False,30
2026-09-20,25.5,22.6,0.0,0,45.7,88.2,2,GMT+1,Tangier,35.7767,-5.8039,Morocco,1275428,1275428,Warm,No Rain,Gale,False,10
2026-09-21,25.6,21.9,0.0,0,42.9,80.6,2,GMT+1,Tangier,35.7767,-5.8039,Morocco,1275428,1275428,Warm,No Rain,Gale,False,10
2026-09-15,34.5,23.8,0.0,0,14.7,37.8,1,GMT+1,Fès,34.0433,-5.0033,Morocco,1167842,1167842,Hot,No Rain,Breeze,False,20
2026-09-16,31.1,20.7,0.0,0,16.9,40.7,1,GMT+1,Fès,34.0433,-5.0033,Morocco,1167842,1167842,Hot,No Rain,Breeze,False,20
2026-09-17,29.5,18.7,0.0,5,11.7,31.3,3,GMT+1,Fès,34.0433,-5.0033,Morocco,1167842,1167842,Warm,No Rain,Breeze,False,10
2026-09-18,31.2,18.3,0.0,5,9.1,24.5,3,GMT+1,Fès,34.0433,-5.0033,Morocco,1167842,1167842,Hot,No Rain,Calm,False,20
2026-09-19,33.7,21.0,0.0,0,16.9,44.6,1,GMT+1,Fès,34.0433,-5.0033,Morocco,1167842,1167842,Hot,No Rain,Breeze,False,20
2026-09-20,33.9,21.9,0.0,0,20.0,48.6,1,GMT+1,Fès,34.0433,-5.0033,Morocco,1167842,1167842,Hot,No Rain,Breeze,False,20
2026-09-21,33.8,21.5,0.0,0,14.4,37.4,0,GMT+1,Fès,34.0433,-5.0033,Morocco,1167842,1167842,Hot,No Rain,Breeze,False,20
2026-09-15,37.1,25.6,0.0,3,11.9,39.6,3,GMT+1,Marrakech,31.6295,-7.9811,Morocco,1085330,1002697,Very Hot,No Rain,Breeze,False,20
2026-09-16,34.6,21.7,0.0,0,12.7,34.6,0,GMT+1,Marrakech,31.6295,-7.9811,Morocco,1085330,1002697,Hot,No Rain,Breeze,False,20
2026-09-17,30.5,19.1,0.0,0,9.6,27.7,3,GMT+1,Marrakech,31.6295,-7.9811,Morocco,1085330,1002697,Hot,No Rain,Calm,False,20
2026-09-18,31.7,19.2,0.0,8,7.3,25.6,1,GMT+1,Marrakech,31.6295,-7.9811,Morocco,1085330,1002697,Hot,No Rain,Calm,False,20
2026-09-19,36.3,20.8,0.0,3,7.5,23.8,2,GMT+1,Marrakech,31.6295,-7.9811,Morocco,1085330,1002697,Very Hot,No Rain,Calm,False,20
2026-09-20,39.0,23.7,0.0,3,14.7,24.8,3,GMT+1,Marrakech,31.6295,-7.9811,Morocco,1085330,1002697,Very Hot,No Rain,Breeze,False,20
2026-09-21,34.5,23.6,0.0,5,17.0,31.3,3,GMT+1,Marrakech,31.6295,-7.9811,Morocco,1085330,1002697,Hot,No Rain,Breeze,False,20
2026-09-15,28.1,21.6,0.0,0,12.1,31.7,45,GMT+1,Sale,34.05,-6.8167,Morocco,945101,945101,Warm,No Rain,Breeze,False,10
2026-09-16,26.1,20.8,0.0,0,15.0,37.4,3,GMT+1,Sale,34.05,-6.8167,Morocco,945101,945101,Warm,No Rain,Breeze,False,10
2026-09-17,26.3,19.6,0.0,0,12.0,31.7,3,GMT+1,Sale,34.05,-6.8167,Morocco,945101,945101,Warm,No Rain,Breeze,False,10
2026-09-18,26.9,16.3,0.0,3,12.0,31.7,45,GMT+1,Sale,34.05,-6.8167,Morocco,945101,945101,Warm,No Rain,Breeze,False,10
2026-09-19,29.4,17.3,0.0,0,12.4,32.0,45,GMT+1,Sale,34.05,-6.8167,Morocco,945101,945101,Warm,No Rain,Breeze,False,10
2026-09-20,33.5,19.4,0.0,0,13.6,32.0,1,GMT+1,Sale,34.05,-6.8167,Morocco,945101,945101,Hot,No Rain,Breeze,False,20
2026-09-21,28.4,20.3,0.0,0,11.8,27.7,0,GMT+1,Sale,34.05,-6.8167,Morocco,945101,945101,Warm,No Rain,Breeze,False,10
2026-09-15,33.4,21.8,0.0,0,16.1,41.4,2,GMT+1,Meknès,33.8833,-5.55,Morocco,601000,601000,Hot,No Rain,Breeze,False,20
2026-09-16,30.0,18.8,0.0,0,16.1,40.0,2,GMT+1,Meknès,33.8833,-5.55,Morocco,601000,601000,Warm,No Rain,Breeze,False,10
2026-09-17,27.8,17.5,0.0,3,13.2,33.8,3,GMT+1,Meknès,33.8833,-5.55,Morocco,601000,601000,Warm,No Rain,Breeze,False,10
2026-09-18,29.7,16.3,0.0,18,12.0,30.6,2,GMT+1,Meknès,33.8833,-5.55,Morocco,601000,601000,Warm,No Rain,Breeze,False,10
2026-09-19,33.5,18.6,0.0,5,11.6,34.9,1,GMT+1,Meknès,33.8833,-5.55,Morocco,601000,601000,Hot,No Rain,Breeze,False,20
2026-09-20,34.9,21.1,0.0,1,18.6,40.7,2,GMT+1,Meknès,33.8833,-5.55,Morocco,601000,601000,Hot,No Rain,Breeze,False,20
2026-09-21,34.2,20.3,0.0,0,11.6,26.6,0,GMT+1,Meknès,33.8833,-5.55,Morocco,601000,601000,Hot,No Rain,Breeze,False,20
2026-09-15,28.1,21.6,0.0,0,12.1,31.7,45,GMT+1,Rabat,34.0211,-6.8414,Morocco,572717,572717,Warm,No Rain,Breeze,False,10
2026-09-16,26.2,20.9,0.0,0,15.0,37.4,3,GMT+1,Rabat,34.0211,-6.8414,Morocco,572717,572717,Warm,No Rain,Breeze,False,10
2026-09-17,26.3,19.6,0.0,0,12.0,31.7,3,GMT+1,Rabat,34.0211,-6.8414,Morocco,572717,572717,Warm,No Rain,Breeze,False,10
2026-09-18,27.0,16.4,0.0,3,12.0,31.7,45,GMT+1,Rabat,34.0211,-6.8414,Morocco,572717,572717,Warm,No Rain,Breeze,False,10
2026-09-19,29.5,17.4,0.0,0,12.4,32.0,45,GMT+1,Rabat,34.0211,-6.8414,Morocco,572717,572717,Warm,No Rain,Breeze,False,10
2026-09-20,33.6,19.5,0.0,0,13.6,32.0,1,GMT+1,Rabat,34.0211,-6.8414,Morocco,572717,572717,Hot,No Rain,Breeze,False,20
2026-09-21,28.4,20.3,0.0,0,11.8,27.7,0,GMT+1,Rabat,34.0211,-6.8414,Morocco,572717,572717,Warm,No Rain,Breeze,False,10
2026-09-15,35.6,27.5,0.0,5,10.8,34.9,3,GMT+1,Agadir,30.4214,-9.5831,Morocco,538000,538000,Very Hot,No Rain,Breeze,False,20
2026-09-16,38.1,23.9,0.0,0,20.4,49.0,1,GMT+1,Agadir,30.4214,-9.5831,Morocco,538000,538000,Very Hot,No Rain,Windy,False,20
2026-09-17,28.3,20.9,0.0,0,14.7,40.7,2,GMT+1,Agadir,30.4214,-9.5831,Morocco,538000,538000,Warm,No Rain,Breeze,False,10
2026-09-18,27.1,20.2,0.0,3,13.3,36.7,2,GMT+1,Agadir,30.4214,-9.5831,Morocco,538000,538000,Warm,No Rain,Breeze,False,10
2026-09-19,27.7,21.4,0.0,0,12.6,38.2,2,GMT+1,Agadir,30.4214,-9.5831,Morocco,538000,538000,Warm,No Rain,Breeze,False,10
2026-09-20,28.5,21.0,0.0,0,15.0,30.6,2,GMT+1,Agadir,30.4214,-9.5831,Morocco,538000,538000,Warm,No Rain,Breeze,False,10
2026-09-21,33.3,21.3,0.0,0,12.8,27.0,45,GMT+1,Agadir,30.4214,-9.5831,Morocco,538000,538000,Hot,No Rain,Breeze,False,20
2026-09-15,29.0,21.2,0.0,0,13.2,33.1,45,GMT+1,Kenitra,34.25,-6.5833,Morocco,507736,507736,Warm,No Rain,Breeze,False,10
2026-09-16,26.9,20.8,0.0,0,16.3,40.3,2,GMT+1,Kenitra,34.25,-6.5833,Morocco,507736,507736,Warm,No Rain,Breeze,False,10
2026-09-17,26.9,19.0,0.0,0,12.8,31.7,3,GMT+1,Kenitra,34.25,-6.5833,Morocco,507736,507736,Warm,No Rain,Breeze,False,10
2026-09-18,28.1,16.9,0.0,5,13.3,33.5,45,GMT+1,Kenitra,34.25,-6.5833,Morocco,507736,507736,Warm,No Rain,Breeze,False,10
2026-09-19,32.6,17.1,0.0,0,17.1,41.0,45,GMT+1,Kenitra,34.25,-6.5833,Morocco,507736,507736,Hot,No Rain,Breeze,False,20
2026-09-20,36.7,22.4,0.0,0,17.3,40.3,1,GMT+1,Kenitra,34.25,-6.5833,Morocco,507736,507736,Very Hot,No Rain,Breeze,False,20
2026-09-21,33.1,22.1,0.0,0,14.3,33.1,0,GMT+1,Kenitra,34.25,-6.5833,Morocco,507736,507736,Hot,No Rain,Breeze,False,20
2026-09-15,30.9,16.2,0.0,0,17.8,37.4,3,GMT+1,Oujda-Angad,34.6867,-1.9114,Morocco,506224,506224,Hot,No Rain,Breeze,False,20
2026-09-16,32.2,15.8,0.0,0,19.1,39.6,0,GMT+1,Oujda-Angad,34.6867,-1.9114,Morocco,506224,506224,Hot,No Rain,Breeze,False,20
2026-09-17,27.6,16.1,0.2,9,18.4,39.2,3,GMT+1,Oujda-Angad,34.6867,-1.9114,Morocco,506224,506224,Warm,Light Rain,Breeze,True,10
2026-09-18,27.0,18.0,0.0,20,18.4,39.6,3,GMT+1,Oujda-Angad,34.6867,-1.9114,Morocco,506224,506224,Warm,No Rain,Breeze,False,10
2026-09-19,27.9,18.2,0.0,30,19.5,42.8,45,GMT+1,Oujda-Angad,34.6867,-1.9114,Morocco,506224,506224,Warm,No Rain,Breeze,False,10
2026-09-20,28.1,17.4,0.0,13,20.3,40.0,45,GMT+1,Oujda-Angad,34.6867,-1.9114,Morocco,506224,506224,Warm,No Rain,Windy,False,10
2026-09-21,27.8,18.4,0.3,13,15.6,32.4,3,GMT+1,Oujda-Angad,34.6867,-1.9114,Morocco,506224,506224,Warm,Light Rain,Breeze,True,10
2026-09-15,29.2,21.2,0.0,0,12.2,32.0,2,GMT+1,Tétouan,35.5667,-5.3667,Morocco,422757,422757,Warm,No Rain,Breeze,False,10
2026-09-16,33.4,19.7,0.0,0,25.8,59.8,2,GMT+1,Tétouan,35.5667,-5.3667,Morocco,422757,422757,Hot,No Rain,Windy,False,20
2026-09-17,27.5,14.8,0.0,0,11.6,29.5,3,GMT+1,Tétouan,35.5667,-5.3667,Morocco,422757,422757,Warm,No Rain,Breeze,False,10
2026-09-18,26.6,20.2,0.0,5,15.7,40.7,3,GMT+1,Tétouan,35.5667,-5.3667,Morocco,422757,422757,Warm,No Rain,Breeze,False,10
2026-09-19,26.5,21.9,0.0,8,32.4,75.2,2,GMT+1,Tétouan,35.5667,-5.3667,Morocco,422757,422757,Warm,No Rain,Strong Wind,False,30
2026-09-20,25.3,22.4,0.0,0,40.4,84.2,2,GMT+1,Tétouan,35.5667,-5.3667,Morocco,422757,422757,Warm,No Rain,Gale,False,10
2026-09-21,25.4,21.8,0.0,0,36.8,76.3,2,GMT+1,Tétouan,35.5667,-5.3667,Morocco,422757,422757,Warm,No Rain,Strong Wind,False,30
2026-09-15,33.8,22.8,0.0,0,22.8,42.5,3,GMT+1,Safi,32.2833,-9.2333,Morocco,367249,367249,Hot,No Rain,Windy,False,20
2026-09-16,27.5,20.8,0.0,0,27.5,49.7,2,GMT+1,Safi,32.2833,-9.2333,Morocco,367249,367249,Warm,No Rain,Windy,False,10
2026-09-17,25.3,19.2,0.0,0,20.4,36.7,3,GMT+1,Safi,32.2833,-9.2333,Morocco,367249,367249,Warm,No Rain,Windy,False,10
2026-09-18,26.4,19.5,0.0,0,22.7,40.3,2,GMT+1,Safi,32.2833,-9.2333,Morocco,367249,367249,Warm,No Rain,Windy,False,10
2026-09-19,28.2,18.8,0.0,0,20.4,37.1,2,GMT+1,Safi,32.2833,-9.2333,Morocco,367249,367249,Warm,No Rain,Windy,False,10
2026-09-20,30.9,21.6,0.0,0,17.0,32.0,2,GMT+1,Safi,32.2833,-9.2333,Morocco,367249,367249,Hot,No Rain,Breeze,False,20
2026-09-21,26.1,19.4,0.0,0,14.6,28.4,45,GMT+1,Safi,32.2833,-9.2333,Morocco,367249,367249,Warm,No Rain,Breeze,False,10
2026-09-15,32.3,19.0,0.0,0,23.0,37.1,3,GMT+1,Taourirt,34.41,-2.89,Morocco,321876,321876,Hot,No Rain,Windy,False,20
2026-09-16,34.4,18.9,0.0,0,22.9,36.7,1,GMT+1,Taourirt,34.41,-2.89,Morocco,321876,321876,Hot,No Rain,Windy,False,20
2026-09-17,29.6,19.2,0.0,8,26.2,43.6,3,GMT+1,Taourirt,34.41,-2.89,Morocco,321876,321876,Warm,No Rain,Windy,False,10
2026-09-18,29.3,19.7,0.0,8,26.7,45.7,45,GMT+1,Taourirt,34.41,-2.89,Morocco,321876,321876,Warm,No Rain,Windy,False,10
2026-09-19,29.6,19.1,0.0,15,29.0,55.1,3,GMT+1,Taourirt,34.41,-2.89,Morocco,321876,321876,Warm,No Rain,Windy,False,10
2026-09-20,30.1,19.9,0.0,6,28.4,48.6,3,GMT+1,Taourirt,34.41,-2.89,Morocco,321876,321876,Hot,No Rain,Windy,False,20
2026-09-21,30.2,19.6,0.0,3,26.3,45.0,3,GMT+1,Taourirt,34.41,-2.89,Morocco,321876,321876,Hot,No Rain,Windy,False,20
2026-09-15,28.1,21.4,0.0,0,11.6,31.7,45,GMT+1,Temara,33.9234,-6.9076,Morocco,297098,297098,Warm,No Rain,Breeze,False,10
2026-09-16,25.9,20.3,0.0,0,15.5,39.2,2,GMT+1,Temara,33.9234,-6.9076,Morocco,297098,297098,Warm,No Rain,Breeze,False,10
2026-09-17,26.0,19.2,0.0,0,12.5,33.5,3,GMT+1,Temara,33.9234,-6.9076,Morocco,297098,297098,Warm,No Rain,Breeze,False,10
2026-09-18,26.7,15.7,0.0,3,11.5,32.0,45,GMT+1,Temara,33.9234,-6.9076,Morocco,297098,297098,Warm,No Rain,Breeze,False,10
2026-09-19,29.4,16.6,0.0,0,11.8,32.4,1,GMT+1,Temara,33.9234,-6.9076,Morocco,297098,297098,Warm,No Rain,Breeze,False,10
2026-09-20,31.2,19.6,0.0,0,12.8,27.7,1,GMT+1,Temara,33.9234,-6.9076,Morocco,297098,297098,Hot,No Rain,Breeze,False,20
2026-09-21,26.2,20.7,0.0,0,12.4,25.2,0,GMT+1,Temara,33.9234,-6.9076,Morocco,297098,297098,Warm,No Rain,Breeze,False,10
2026-09-15,40.5,25.1,0.0,0,25.3,49.3,0,GMT+1,Laâyoune,27.15,-13.2,Morocco,262791,262791,Very Hot,No Rain,Windy,False,20
2026-09-16,36.1,21.7,0.0,0,26.3,51.1,0,GMT+1,Laâyoune,27.15,-13.2,Morocco,262791,262791,Very Hot,No Rain,Windy,False,20
2026-09-17,28.4,21.5,0.0,0,31.5,58.3,3,GMT+1,Laâyoune,27.15,-13.2,Morocco,262791,262791,Warm,No Rain,Strong Wind,False,30
2026-09-18,27.9,20.1,0.0,2,27.9,54.4,3,GMT+1,Laâyoune,27.15,-13.2,Morocco,262791,262791,Warm,No Rain,Windy,False,10
2026-09-19,28.8,18.1,0.0,0,24.7,48.6,0,GMT+1,Laâyoune,27.15,-13.2,Morocco,262791,262791,Warm,No Rain,Windy,False,10
2026-09-20,32.8,19.3,0.0,0,22.7,46.4,3,GMT+1,Laâyoune,27.15,-13.2,Morocco,262791,262791,Hot,No Rain,Windy,False,20
2026-09-21,35.3,19.3,0.0,8,26.3,50.8,0,GMT+1,Laâyoune,27.15,-13.2,Morocco,262791,262791,Very Hot,No Rain,Windy,False,20
2026-09-15,26.6,21.5,0.0,0,17.1,30.6,45,GMT+1,El Jadid,33.2566,-8.5025,Morocco,237464,237464,Warm,No Rain,Breeze,False,10
2026-09-16,24.9,21.0,0.0,0,19.1,33.5,2,GMT+1,El Jadid,33.2566,-8.5025,Morocco,237464,237464,Warm,No Rain,Breeze,False,10
2026-09-17,25.4,20.0,0.0,0,15.2,27.7,3,GMT+1,El Jadid,33.2566,-8.5025,Morocco,237464,237464,Warm,No Rain,Breeze,False,10
2026-09-18,25.3,20.3,0.0,0,18.5,33.5,45,GMT+1,El Jadid,33.2566,-8.5025,Morocco,237464,237464,Warm,No Rain,Breeze,False,10
2026-09-19,25.5,20.4,0.0,0,18.2,32.4,2,GMT+1,El Jadid,33.2566,-8.5025,Morocco,237464,237464,Warm,No Rain,Breeze,False,10
2026-09-20,28.6,21.2,0.0,0,15.5,30.2,2,GMT+1,El Jadid,33.2566,-8.5025,Morocco,237464,237464,Warm,No Rain,Breeze,False,10
2026-09-21,27.5,20.3,0.0,0,16.8,33.1,45,GMT+1,El Jadid,33.2566,-8.5025,Morocco,237464,237464,Warm,No Rain,Breeze,False,10
2026-09-15,36.8,25.6,0.0,8,17.0,34.2,3,GMT+1,Ait Melloul,30.3342,-9.4972,Morocco,210870,210870,Very Hot,No Rain,Breeze,False,20
2026-09-16,30.3,21.6,0.0,0,19.1,35.6,2,GMT+1,Ait Melloul,30.3342,-9.4972,Morocco,210870,210870,Hot,No Rain,Breeze,False,20
2026-09-17,27.3,21.5,0.0,0,18.8,37.1,2,GMT+1,Ait Melloul,30.3342,-9.4972,Morocco,210870,210870,Warm,No Rain,Breeze,False,10
2026-09-18,27.1,20.4,0.0,0,18.8,36.7,2,GMT+1,Ait Melloul,30.3342,-9.4972,Morocco,210870,210870,Warm,No Rain,Breeze,False,10
2026-09-19,26.8,20.5,0.0,0,21.3,41.4,45,GMT+1,Ait Melloul,30.3342,-9.4972,Morocco,210870,210870,Warm,No Rain,Windy,False,10
2026-09-20,28.7,21.2,0.0,0,15.0,30.6,2,GMT+1,Ait Melloul,30.3342,-9.4972,Morocco,210870,210870,Warm,No Rain,Breeze,False,10
2026-09-21,33.5,21.6,0.0,0,12.8,27.0,45,GMT+1,Ait Melloul,30.3342,-9.4972,Morocco,210870,210870,Hot,No Rain,Breeze,False,20
2026-09-15,36.5,25.9,0.0,5,21.9,44.6,3,GMT+1,Béni Mellal,32.3394,-6.3608,Morocco,209594,209594,Very Hot,No Rain,Windy,False,20
2026-09-16,32.8,21.8,0.0,0,17.3,36.0,0,GMT+1,Béni Mellal,32.3394,-6.3608,Morocco,209594,209594,Hot,No Rain,Breeze,False,20
2026-09-17,29.9,18.7,0.0,5,11.8,24.1,3,GMT+1,Béni Mellal,32.3394,-6.3608,Morocco,209594,209594,Warm,No Rain,Breeze,False,10
2026-09-18,31.3,19.3,0.0,5,9.7,21.2,1,GMT+1,Béni Mellal,32.3394,-6.3608,Morocco,209594,209594,Hot,No Rain,Calm,False,20
2026-09-19,35.3,21.9,0.0,3,13.9,28.1,3,GMT+1,Béni Mellal,32.3394,-6.3608,Morocco,209594,209594,Very Hot,No Rain,Breeze,False,20
2026-09-20,38.1,26.2,0.3,0,16.1,29.5,2,GMT+1,Béni Mellal,32.3394,-6.3608,Morocco,209594,209594,Very Hot,Light Rain,Breeze,True,20
2026-09-21,36.8,28.0,0.9,8,18.6,37.1,80,GMT+1,Béni Mellal,32.3394,-6.3608,Morocco,209594,209594,Very Hot,Light Rain,Breeze,True,20
2026-09-15,32.6,21.0,0.0,0,15.3,37.1,45,GMT+1,Bouskoura,33.4489,-7.6486,Morocco,200359,200359,Hot,No Rain,Breeze,False,20
2026-09-16,27.0,19.7,0.0,0,15.9,39.2,45,GMT+1,Bouskoura,33.4489,-7.6486,Morocco,200359,200359,Warm,No Rain,Breeze,False,10
2026-09-17,26.9,19.1,0.0,0,15.3,37.4,3,GMT+1,Bouskoura,33.4489,-7.6486,Morocco,200359,200359,Warm,No Rain,Breeze,False,10
2026-09-18,28.1,17.5,0.0,3,16.7,40.7,45,GMT+1,Bouskoura,33.4489,-7.6486,Morocco,200359,200359,Warm,No Rain,Breeze,False,10
2026-09-19,30.5,18.6,0.0,0,14.0,34.9,45,GMT+1,Bouskoura,33.4489,-7.6486,Morocco,200359,200359,Hot,No Rain,Breeze,False,20
2026-09-20,31.0,21.1,0.0,0,11.6,29.9,2,GMT+1,Bouskoura,33.4489,-7.6486,Morocco,200359,200359,Hot,No Rain,Breeze,False,20
2026-09-21,29.5,20.8,0.0,0,13.6,36.0,2,GMT+1,Bouskoura,33.4489,-7.6486,Morocco,200359,200359,Warm,No Rain,Breeze,False,10
2026-09-15,36.3,26.7,0.0,0,21.7,34.9,1,GMT+1,Tiznit,29.7,-9.7269,Morocco,196348,196348,Very Hot,No Rain,Windy,False,20
2026-09-16,32.2,22.1,0.0,0,21.7,35.6,1,GMT+1,Tiznit,29.7,-9.7269,Morocco,196348,196348,Hot,No Rain,Windy,False,20
2026-09-17,23.7,19.6,0.0,0,23.7,38.5,3,GMT+1,Tiznit,29.7,-9.7269,Morocco,196348,196348,Warm,No Rain,Windy,False,10
2026-09-18,26.5,19.6,0.0,0,19.8,32.8,3,GMT+1,Tiznit,29.7,-9.7269,Morocco,196348,196348,Warm,No Rain,Breeze,False,10
2026-09-19,27.5,20.2,0.0,0,14.7,24.5,1,GMT+1,Tiznit,29.7,-9.7269,Morocco,196348,196348,Warm,No Rain,Breeze,False,10
2026-09-20,25.8,20.2,0.0,0,19.0,30.6,1,GMT+1,Tiznit,29.7,-9.7269,Morocco,196348,196348,Warm,No Rain,Breeze,False,10
2026-09-21,27.6,19.8,0.0,0,12.3,20.9,45,GMT+1,Tiznit,29.7,-9.7269,Morocco,196348,196348,Warm,No Rain,Breeze,False,10
2026-09-15,27.5,21.2,0.0,0,12.6,29.9,45,GMT+1,Mohammedia,33.6833,-7.3833,Morocco,194358,194358,Warm,No Rain,Breeze,False,10
2026-09-16,25.7,20.8,0.0,0,15.6,37.4,2,GMT+1,Mohammedia,33.6833,-7.3833,Morocco,194358,194358,Warm,No Rain,Breeze,False,10
2026-09-17,25.4,20.0,0.0,0,13.3,31.0,3,GMT+1,Mohammedia,33.6833,-7.3833,Morocco,194358,194358,Warm,No Rain,Breeze,False,10
2026-09-18,25.8,17.5,0.0,5,14.6,34.2,3,GMT+1,Mohammedia,33.6833,-7.3833,Morocco,194358,194358,Warm,No Rain,Breeze,False,10
2026-09-19,26.7,18.2,0.0,0,13.0,32.0,45,GMT+1,Mohammedia,33.6833,-7.3833,Morocco,194358,194358,Warm,No Rain,Breeze,False,10
2026-09-20,33.9,20.3,0.0,0,16.2,30.2,2,GMT+1,Mohammedia,33.6833,-7.3833,Morocco,194358,194358,Hot,No Rain,Breeze,False,20
2026-09-21,32.5,20.3,0.0,0,16.9,33.5,1,GMT+1,Mohammedia,33.6833,-7.3833,Morocco,194358,194358,Hot,No Rain,Breeze,False,20
2026-09-15,34.6,22.7,0.0,3,24.9,49.0,3,GMT+1,Kouribga,32.88,-6.9,Morocco,191807,191807,Hot,No Rain,Windy,False,20
2026-09-16,31.0,17.4,0.0,0,18.9,36.4,2,GMT+1,Kouribga,32.88,-6.9,Morocco,191807,191807,Hot,No Rain,Breeze,False,20
2026-09-17,28.6,13.9,0.0,0,19.2,36.0,2,GMT+1,Kouribga,32.88,-6.9,Morocco,191807,191807,Warm,No Rain,Breeze,False,10
2026-09-18,29.5,15.5,0.0,10,16.9,33.5,3,GMT+1,Kouribga,32.88,-6.9,Morocco,191807,191807,Warm,No Rain,Breeze,False,10
2026-09-19,33.9,17.2,0.0,4,14.4,28.1,2,GMT+1,Kouribga,32.88,-6.9,Morocco,191807,191807,Hot,No Rain,Breeze,False,20
2026-09-20,35.9,22.5,0.0,5,18.4,37.8,2,GMT+1,Kouribga,32.88,-6.9,Morocco,191807,191807,Very Hot,No Rain,Breeze,False,20
2026-09-21,34.6,21.3,0.0,5,20.0,42.5,2,GMT+1,Kouribga,32.88,-6.9,Morocco,191807,191807,Hot,No Rain,Breeze,False,20
2026-09-15,36.0,23.3,0.0,0,24.2,51.1,2,GMT+1,Settat,33.0023,-7.6198,Morocco,171556,171556,Very Hot,No Rain,Windy,False,20
2026-09-16,29.6,19.3,0.0,0,19.0,39.2,2,GMT+1,Settat,33.0023,-7.6198,Morocco,171556,171556,Warm,No Rain,Breeze,False,10
2026-09-17,28.1,17.2,0.0,0,17.5,36.7,45,GMT+1,Settat,33.0023,-7.6198,Morocco,171556,171556,Warm,No Rain,Breeze,False,10
2026-09-18,30.0,16.3,0.0,3,18.4,40.0,45,GMT+1,Settat,33.0023,-7.6198,Morocco,171556,171556,Warm,No Rain,Breeze,False,10
2026-09-19,34.5,16.6,0.0,3,15.1,35.6,2,GMT+1,Settat,33.0023,-7.6198,Morocco,171556,171556,Hot,No Rain,Breeze,False,20
2026-09-20,37.8,22.1,0.0,3,18.7,37.4,2,GMT+1,Settat,33.0023,-7.6198,Morocco,171556,171556,Very Hot,No Rain,Breeze,False,20
2026-09-21,34.6,21.0,0.0,3,19.4,37.8,1,GMT+1,Settat,33.0023,-7.6198,Morocco,171556,171556,Hot,No Rain,Breeze,False,20
2026-09-15,35.7,21.4,0.0,0,22.4,40.0,2,GMT+1,Barrechid,33.27,-7.5872,Morocco,168687,168687,Very Hot,No Rain,Windy,False,20
2026-09-16,29.0,19.1,0.0,0,19.7,35.3,45,GMT+1,Barrechid,33.27,-7.5872,Morocco,168687,168687,Warm,No Rain,Breeze,False,10
2026-09-17,28.1,18.4,0.0,0,17.9,32.8,3,GMT+1,Barrechid,33.27,-7.5872,Morocco,168687,168687,Warm,No Rain,Breeze,False,10
2026-09-18,29.6,16.3,0.0,3,18.6,34.6,45,GMT+1,Barrechid,33.27,-7.5872,Morocco,168687,168687,Warm,No Rain,Breeze,False,10
2026-09-19,33.5,16.6,0.0,2,16.2,30.6,45,GMT+1,Barrechid,33.27,-7.5872,Morocco,168687,168687,Hot,No Rain,Breeze,False,20
2026-09-20,36.4,21.0,0.0,3,19.2,34.9,2,GMT+1,Barrechid,33.27,-7.5872,Morocco,168687,168687,Very Hot,No Rain,Breeze,False,20
2026-09-21,33.3,19.9,0.0,0,20.5,36.0,2,GMT+1,Barrechid,33.27,-7.5872,Morocco,168687,168687,Hot,No Rain,Windy,False,20
2026-09-15,24.8,21.7,0.0,12,36.0,45.0,1,GMT+1,Ad Dakhla,23.7167,-15.95,Morocco,165463,165463,Warm,No Rain,Strong Wind,False,30
2026-09-16,23.5,22.1,0.0,3,36.7,45.7,0,GMT+1,Ad Dakhla,23.7167,-15.95,Morocco,165463,165463,Warm,No Rain,Strong Wind,False,30
2026-09-17,22.2,20.0,0.0,0,40.5,52.2,2,GMT+1,Ad Dakhla,23.7167,-15.95,Morocco,165463,165463,Warm,No Rain,Gale,False,10
2026-09-18,21.1,20.2,0.0,0,39.2,49.0,0,GMT+1,Ad Dakhla,23.7167,-15.95,Morocco,165463,165463,Warm,No Rain,Strong Wind,False,30
2026-09-19,20.9,19.8,0.0,0,30.4,38.9,0,GMT+1,Ad Dakhla,23.7167,-15.95,Morocco,165463,165463,Warm,No Rain,Strong Wind,False,30
2026-09-20,21.3,19.5,0.0,0,31.2,40.7,3,GMT+1,Ad Dakhla,23.7167,-15.95,Morocco,165463,165463,Warm,No Rain,Strong Wind,False,30
2026-09-21,21.6,19.1,0.0,11,24.5,38.2,0,GMT+1,Ad Dakhla,23.7167,-15.95,Morocco,165463,165463,Warm,No Rain,Windy,False,10
2026-09-15,26.6,21.7,0.0,0,11.2,26.6,3,GMT+1,Nador,35.1667,-2.9333,Morocco,161726,161726,Warm,No Rain,Breeze,False,10
2026-09-16,29.9,21.8,0.0,0,10.5,26.3,2,GMT+1,Nador,35.1667,-2.9333,Morocco,161726,161726,Warm,No Rain,Breeze,False,10
2026-09-17,26.0,21.4,0.2,1,13.6,30.6,3,GMT+1,Nador,35.1667,-2.9333,Morocco,161726,161726,Warm,Light Rain,Breeze,True,10
2026-09-18,25.1,22.2,0.6,8,13.3,29.9,3,GMT+1,Nador,35.1667,-2.9333,Morocco,161726,161726,Warm,Light Rain,Breeze,True,10
2026-09-19,25.1,22.4,0.6,15,22.3,47.2,3,GMT+1,Nador,35.1667,-2.9333,Morocco,161726,161726,Warm,Light Rain,Windy,True,10
2026-09-20,26.2,22.5,0.15,13,28.8,50.0,3,GMT+1,Nador,35.1667,-2.9333,Morocco,161726,161726,Warm,Light Rain,Windy,True,10
2026-09-21,26.1,22.6,0.0,5,25.0,43.9,3,GMT+1,Nador,35.1667,-2.9333,Morocco,161726,161726,Warm,No Rain,Windy,False,10
2026-09-15,33.5,19.5,0.0,0,13.0,27.0,3,GMT+1,Taza,34.2144,-4.0088,Morocco,148406,148406,Hot,No Rain,Breeze,False,20
2026-09-16,30.8,21.0,0.0,0,24.1,49.7,2,GMT+1,Taza,34.2144,-4.0088,Morocco,148406,148406,Hot,No Rain,Windy,False,20
2026-09-17,30.3,17.6,0.0,8,11.8,25.2,3,GMT+1,Taza,34.2144,-4.0088,Morocco,148406,148406,Hot,No Rain,Breeze,False,20
2026-09-18,28.8,18.6,0.0,5,17.3,36.4,3,GMT+1,Taza,34.2144,-4.0088,Morocco,148406,148406,Warm,No Rain,Breeze,False,10
2026-09-19,29.2,18.7,0.0,3,25.5,53.3,3,GMT+1,Taza,34.2144,-4.0088,Morocco,148406,148406,Warm,No Rain,Windy,False,10
2026-09-20,29.1,19.8,0.0,5,26.9,50.0,2,GMT+1,Taza,34.2144,-4.0088,Morocco,148406,148406,Warm,No Rain,Windy,False,10
2026-09-21,28.8,20.0,0.0,5,26.9,49.3,3,GMT+1,Taza,34.2144,-4.0088,Morocco,148406,148406,Warm,No Rain,Windy,False,10
2026-09-15,34.3,25.0,0.0,8,10.8,31.7,3,GMT+1,Inezgane,30.3658,-9.5381,Morocco,137512,137512,Hot,No Rain,Breeze,False,20
2026-09-16,32.7,21.3,0.0,0,12.3,33.1,1,GMT+1,Inezgane,30.3658,-9.5381,Morocco,137512,137512,Hot,No Rain,Breeze,False,20
2026-09-17,26.4,21.0,0.0,0,14.4,41.8,3,GMT+1,Inezgane,30.3658,-9.5381,Morocco,137512,137512,Warm,No Rain,Breeze,False,10
2026-09-18,25.7,20.0,0.0,0,14.4,38.5,2,GMT+1,Inezgane,30.3658,-9.5381,Morocco,137512,137512,Warm,No Rain,Breeze,False,10
2026-09-19,25.7,20.3,0.0,0,14.9,40.7,45,GMT+1,Inezgane,30.3658,-9.5381,Morocco,137512,137512,Warm,No Rain,Breeze,False,10
2026-09-20,28.8,21.3,0.0,0,15.0,30.6,45,GMT+1,Inezgane,30.3658,-9.5381,Morocco,137512,137512,Warm,No Rain,Breeze,False,10
2026-09-21,33.6,21.6,0.0,0,12.8,27.0,45,GMT+1,Inezgane,30.3658,-9.5381,Morocco,137512,137512,Hot,No Rain,Breeze,False,20
2026-09-15,30.4,19.4,0.0,0,24.9,45.7,0,GMT+1,Larache,35.1833,-6.15,Morocco,133731,133731,Hot,No Rain,Windy,False,20
2026-09-16,27.4,18.5,0.0,0,16.9,32.4,45,GMT+1,Larache,35.1833,-6.15,Morocco,133731,133731,Warm,No Rain,Breeze,False,10
2026-09-17,26.5,18.6,0.0,1,16.7,31.3,3,GMT+1,Larache,35.1833,-6.15,Morocco,133731,133731,Warm,No Rain,Breeze,False,10
2026-09-18,26.2,16.9,0.0,5,16.3,32.4,45,GMT+1,Larache,35.1833,-6.15,Morocco,133731,133731,Warm,No Rain,Breeze,False,10
2026-09-19,35.3,16.8,0.0,8,20.8,38.2,1,GMT+1,Larache,35.1833,-6.15,Morocco,133731,133731,Very Hot,No Rain,Windy,False,20
2026-09-20,36.8,21.4,0.0,1,18.4,34.9,0,GMT+1,Larache,35.1833,-6.15,Morocco,133731,133731,Very Hot,No Rain,Breeze,False,20
2026-09-21,34.2,19.3,0.0,0,15.5,28.8,1,GMT+1,Larache,35.1833,-6.15,Morocco,133731,133731,Hot,No Rain,Breeze,False,20
2026-09-15,34.5,20.4,0.0,0,18.3,37.4,0,GMT+1,Al Khmissat,33.81,-6.06,Morocco,131542,131542,Hot,No Rain,Breeze,False,20
2026-09-16,30.7,18.0,0.0,0,19.2,38.9,1,GMT+1,Al Khmissat,33.81,-6.06,Morocco,131542,131542,Hot,No Rain,Breeze,False,20
2026-09-17,29.0,16.1,0.0,0,14.9,31.0,3,GMT+1,Al Khmissat,33.81,-6.06,Morocco,131542,131542,Warm,No Rain,Breeze,False,10
2026-09-18,30.4,15.2,0.0,8,18.3,37.1,3,GMT+1,Al Khmissat,33.81,-6.06,Morocco,131542,131542,Hot,No Rain,Breeze,False,20
2026-09-19,34.6,17.7,0.0,8,12.2,27.4,1,GMT+1,Al Khmissat,33.81,-6.06,Morocco,131542,131542,Hot,No Rain,Breeze,False,20
2026-09-20,37.2,21.5,0.0,1,17.8,32.8,2,GMT+1,Al Khmissat,33.81,-6.06,Morocco,131542,131542,Very Hot,No Rain,Breeze,False,20
2026-09-21,35.4,20.0,0.0,0,13.5,25.2,1,GMT+1,Al Khmissat,33.81,-6.06,Morocco,131542,131542,Very Hot,No Rain,Breeze,False,20
2026-09-15,38.4,24.9,0.0,0,22.7,38.5,0,GMT+1,Guelmim,28.9833,-10.0667,Morocco,126729,126729,Very Hot,No Rain,Windy,False,20
2026-09-16,36.2,20.5,0.0,0,33.1,54.0,0,GMT+1,Guelmim,28.9833,-10.0667,Morocco,126729,126729,Very Hot,No Rain,Strong Wind,False,40
2026-09-17,24.7,18.7,0.0,0,29.8,49.3,3,GMT+1,Guelmim,28.9833,-10.0667,Morocco,126729,126729,Warm,No Rain,Windy,False,10
2026-09-18,26.3,17.0,0.0,0,24.1,42.5,1,GMT+1,Guelmim,28.9833,-10.0667,Morocco,126729,126729,Warm,No Rain,Windy,False,10
2026-09-19,29.1,18.5,0.0,0,19.3,35.6,3,GMT+1,Guelmim,28.9833,-10.0667,Morocco,126729,126729,Warm,No Rain,Breeze,False,10
2026-09-20,32.6,16.9,0.0,0,21.1,39.2,0,GMT+1,Guelmim,28.9833,-10.0667,Morocco,126729,126729,Hot,No Rain,Windy,False,20
2026-09-21,37.7,20.3,0.0,4,24.7,41.4,0,GMT+1,Guelmim,28.9833,-10.0667,Morocco,126729,126729,Very Hot,No Rain,Windy,False,20
2026-09-15,37.0,20.9,0.0,0,26.0,53.6,45,GMT+1,Ksar El Kebir,35.0,-5.9,Morocco,124701,124701,Very Hot,No Rain,Windy,False,20
2026-09-16,30.5,20.1,0.0,0,17.9,34.6,3,GMT+1,Ksar El Kebir,35.0,-5.9,Morocco,124701,124701,Hot,No Rain,Breeze,False,20
2026-09-17,30.0,19.3,0.0,1,18.9,36.4,3,GMT+1,Ksar El Kebir,35.0,-5.9,Morocco,124701,124701,Warm,No Rain,Breeze,False,10
2026-09-18,31.0,17.2,0.0,5,18.3,36.0,45,GMT+1,Ksar El Kebir,35.0,-5.9,Morocco,124701,124701,Hot,No Rain,Breeze,False,20
2026-09-19,36.3,18.6,0.0,5,9.7,20.5,1,GMT+1,Ksar El Kebir,35.0,-5.9,Morocco,124701,124701,Very Hot,No Rain,Calm,False,20
2026-09-20,37.9,21.2,0.0,3,15.8,31.7,0,GMT+1,Ksar El Kebir,35.0,-5.9,Morocco,124701,124701,Very Hot,No Rain,Breeze,False,20
2026-09-21,36.3,21.3,0.0,0,13.9,25.6,1,GMT+1,Ksar El Kebir,35.0,-5.9,Morocco,124701,124701,Very Hot,No Rain,Breeze,False,20
2026-09-15,35.1,20.1,0.0,3,19.4,37.1,3,GMT+1,Khénifra,32.93,-5.66,Morocco,123738,123738,Very Hot,No Rain,Breeze,False,20
2026-09-16,31.3,16.3,0.0,0,15.3,29.9,1,GMT+1,Khénifra,32.93,-5.66,Morocco,123738,123738,Hot,No Rain,Breeze,False,20
2026-09-17,31.2,15.8,0.0,15,18.1,34.2,3,GMT+1,Khénifra,32.93,-5.66,Morocco,123738,123738,Hot,No Rain,Breeze,False,20
2026-09-18,31.2,15.2,0.0,13,14.4,27.7,3,GMT+1,Khénifra,32.93,-5.66,Morocco,123738,123738,Hot,No Rain,Breeze,False,20
2026-09-19,34.0,17.9,0.0,6,15.5,29.9,2,GMT+1,Khénifra,32.93,-5.66,Morocco,123738,123738,Hot,No Rain,Breeze,False,20
2026-09-20,35.9,20.8,0.0,5,14.9,38.9,2,GMT+1,Khénifra,32.93,-5.66,Morocco,123738,123738,Very Hot,No Rain,Breeze,False,20
2026-09-21,35.0,21.4,0.0,5,21.0,41.0,2,GMT+1,Khénifra,32.93,-5.66,Morocco,123738,123738,Hot,No Rain,Windy,False,20
2026-09-15,26.5,21.2,0.0,0,12.3,27.7,45,GMT+1,Skhirate,33.85,-7.03,Morocco,122705,122705,Warm,No Rain,Breeze,False,10
2026-09-16,25.1,20.5,0.0,0,16.5,36.0,2,GMT+1,Skhirate,33.85,-7.03,Morocco,122705,122705,Warm,No Rain,Breeze,False,10
2026-09-17,24.9,19.4,0.0,0,13.2,29.5,3,GMT+1,Skhirate,33.85,-7.03,Morocco,122705,122705,Warm,No Rain,Breeze,False,10
2026-09-18,25.2,16.8,0.0,3,12.9,30.2,3,GMT+1,Skhirate,33.85,-7.03,Morocco,122705,122705,Warm,No Rain,Breeze,False,10
2026-09-19,27.1,17.2,0.0,0,12.8,28.4,2,GMT+1,Skhirate,33.85,-7.03,Morocco,122705,122705,Warm,No Rain,Breeze,False,10
2026-09-20,31.3,19.7,0.0,0,12.8,27.7,1,GMT+1,Skhirate,33.85,-7.03,Morocco,122705,122705,Hot,No Rain,Breeze,False,20
2026-09-21,26.3,20.8,0.0,0,12.4,25.2,0,GMT+1,Skhirate,33.85,-7.03,Morocco,122705,122705,Warm,No Rain,Breeze,False,10
2026-09-15,30.6,20.2,0.0,0,17.2,31.7,45,GMT+1,Beni Yakhlef,33.6555,-7.3221,Morocco,117653,117653,Hot,No Rain,Breeze,False,20
2026-09-16,27.0,19.5,0.0,0,18.8,34.6,2,GMT+1,Beni Yakhlef,33.6555,-7.3221,Morocco,117653,117653,Warm,No Rain,Breeze,False,10
2026-09-17,26.7,19.0,0.0,0,17.2,31.7,3,GMT+1,Beni Yakhlef,33.6555,-7.3221,Morocco,117653,117653,Warm,No Rain,Breeze,False,10
2026-09-18,27.7,16.0,0.0,5,18.0,32.8,45,GMT+1,Beni Yakhlef,33.6555,-7.3221,Morocco,117653,117653,Warm,No Rain,Breeze,False,10
2026-09-19,29.6,16.7,0.0,0,16.6,31.0,45,GMT+1,Beni Yakhlef,33.6555,-7.3221,Morocco,117653,117653,Warm,No Rain,Breeze,False,10
2026-09-20,33.4,20.2,0.0,0,16.2,30.2,2,GMT+1,Beni Yakhlef,33.6555,-7.3221,Morocco,117653,117653,Hot,No Rain,Breeze,False,20
2026-09-21,31.9,19.8,0.0,0,16.9,33.5,1,GMT+1,Beni Yakhlef,33.6555,-7.3221,Morocco,117653,117653,Hot,No Rain,Breeze,False,20
2026-09-15,32.6,20.7,0.0,0,19.0,37.8,0,GMT+1,Sidi Yahya Zaer,33.7105,-6.8831,Morocco,116649,116649,Hot,No Rain,Breeze,False,20
2026-09-16,27.8,18.6,0.0,0,20.6,41.4,2,GMT+1,Sidi Yahya Zaer,33.7105,-6.8831,Morocco,116649,116649,Warm,No Rain,Windy,False,10
2026-09-17,27.3,16.1,0.0,0,17.4,35.3,45,GMT+1,Sidi Yahya Zaer,33.7105,-6.8831,Morocco,116649,116649,Warm,No Rain,Breeze,False,10
2026-09-18,28.8,14.6,0.0,3,16.4,33.8,45,GMT+1,Sidi Yahya Zaer,33.7105,-6.8831,Morocco,116649,116649,Warm,No Rain,Breeze,False,10
2026-09-19,32.9,16.5,0.0,2,15.4,33.1,1,GMT+1,Sidi Yahya Zaer,33.7105,-6.8831,Morocco,116649,116649,Hot,No Rain,Breeze,False,20
2026-09-20,36.6,20.1,0.0,3,17.0,33.8,2,GMT+1,Sidi Yahya Zaer,33.7105,-6.8831,Morocco,116649,116649,Very Hot,No Rain,Breeze,False,20
2026-09-21,32.3,18.5,0.0,0,15.5,31.7,1,GMT+1,Sidi Yahya Zaer,33.7105,-6.8831,Morocco,116649,116649,Hot,No Rain,Breeze,False,20
2026-09-15,37.2,24.5,0.0,3,22.7,44.6,3,GMT+1,Ben Guerir,32.23,-7.95,Morocco,114872,114872,Very Hot,No Rain,Windy,False,20
2026-09-16,32.3,19.6,0.0,0,20.2,40.0,1,GMT+1,Ben Guerir,32.23,-7.95,Morocco,114872,114872,Hot,No Rain,Windy,False,20
2026-09-17,29.1,16.7,0.0,0,15.7,32.0,3,GMT+1,Ben Guerir,32.23,-7.95,Morocco,114872,114872,Warm,No Rain,Breeze,False,10
2026-09-18,30.9,16.7,0.0,8,15.8,32.8,3,GMT+1,Ben Guerir,32.23,-7.95,Morocco,114872,114872,Hot,No Rain,Breeze,False,20
2026-09-19,35.0,18.0,0.0,4,15.2,31.7,2,GMT+1,Ben Guerir,32.23,-7.95,Morocco,114872,114872,Hot,No Rain,Breeze,False,20
2026-09-20,38.6,24.8,0.0,0,16.7,34.6,2,GMT+1,Ben Guerir,32.23,-7.95,Morocco,114872,114872,Very Hot,No Rain,Breeze,False,20
2026-09-21,34.3,23.5,0.0,3,19.4,35.3,2,GMT+1,Ben Guerir,32.23,-7.95,Morocco,114872,114872,Hot,No Rain,Breeze,False,20
2026-09-15,37.0,25.5,0.0,0,22.2,36.7,3,GMT+1,Ait Ali,30.1739,-9.4881,Morocco,113236,113236,Very Hot,No Rain,Windy,False,20
2026-09-16,32.1,22.2,0.0,0,24.9,40.0,1,GMT+1,Ait Ali,30.1739,-9.4881,Morocco,113236,113236,Hot,No Rain,Windy,False,20
2026-09-17,27.4,20.9,0.0,0,27.0,43.6,3,GMT+1,Ait Ali,30.1739,-9.4881,Morocco,113236,113236,Warm,No Rain,Windy,False,10
2026-09-18,27.3,20.0,0.0,0,22.0,37.8,2,GMT+1,Ait Ali,30.1739,-9.4881,Morocco,113236,113236,Warm,No Rain,Windy,False,10
2026-09-19,27.0,20.3,0.0,0,21.6,36.0,2,GMT+1,Ait Ali,30.1739,-9.4881,Morocco,113236,113236,Warm,No Rain,Windy,False,10
2026-09-20,27.3,20.8,0.0,0,19.7,33.8,45,GMT+1,Ait Ali,30.1739,-9.4881,Morocco,113236,113236,Warm,No Rain,Breeze,False,10
2026-09-21,29.7,20.8,0.0,0,16.6,28.8,45,GMT+1,Ait Ali,30.1739,-9.4881,Morocco,113236,113236,Warm,No Rain,Breeze,False,10
2026-09-15,36.7,25.9,0.0,8,13.9,30.2,3,GMT+1,My Drarga,30.3805,-9.4763,Morocco,107621,107621,Very Hot,No Rain,Breeze,False,20
2026-09-16,32.1,22.4,0.0,0,15.4,36.0,1,GMT+1,My Drarga,30.3805,-9.4763,Morocco,107621,107621,Hot,No Rain,Breeze,False,20
2026-09-17,27.3,20.9,0.0,0,19.9,44.3,3,GMT+1,My Drarga,30.3805,-9.4763,Morocco,107621,107621,Warm,No Rain,Breeze,False,10
2026-09-18,27.2,20.0,0.0,0,17.4,37.4,2,GMT+1,My Drarga,30.3805,-9.4763,Morocco,107621,107621,Warm,No Rain,Breeze,False,10
2026-09-19,27.4,20.6,0.0,0,17.8,37.1,45,GMT+1,My Drarga,30.3805,-9.4763,Morocco,107621,107621,Warm,No Rain,Breeze,False,10
2026-09-20,28.6,21.1,0.0,0,15.0,30.6,45,GMT+1,My Drarga,30.3805,-9.4763,Morocco,107621,107621,Warm,No Rain,Breeze,False,10
2026-09-21,33.4,21.5,0.0,0,12.8,27.0,45,GMT+1,My Drarga,30.3805,-9.4763,Morocco,107621,107621,Hot,No Rain,Breeze,False,20
2026-09-15,38.0,25.7,0.0,3,19.9,42.1,3,GMT+1,Lqoliaa,30.2942,-9.4544,Morocco,107133,107133,Very Hot,No Rain,Breeze,False,20
2026-09-16,32.0,21.7,0.0,0,22.3,43.9,2,GMT+1,Lqoliaa,30.2942,-9.4544,Morocco,107133,107133,Hot,No Rain,Windy,False,20
2026-09-17,28.1,21.2,0.0,0,20.0,42.8,3,GMT+1,Lqoliaa,30.2942,-9.4544,Morocco,107133,107133,Warm,No Rain,Breeze,False,10
2026-09-18,28.0,20.1,0.0,3,19.8,43.2,1,GMT+1,Lqoliaa,30.2942,-9.4544,Morocco,107133,107133,Warm,No Rain,Breeze,False,10
2026-09-19,27.8,20.2,0.0,3,22.4,47.9,45,GMT+1,Lqoliaa,30.2942,-9.4544,Morocco,107133,107133,Warm,No Rain,Windy,False,10
2026-09-20,26.7,20.5,0.0,0,18.9,41.8,2,GMT+1,Lqoliaa,30.2942,-9.4544,Morocco,107133,107133,Warm,No Rain,Breeze,False,10
2026-09-21,29.0,20.4,0.0,0,15.8,35.6,45,GMT+1,Lqoliaa,30.2942,-9.4544,Morocco,107133,107133,Warm,No Rain,Breeze,False,10
2026-09-15,37.7,25.6,0.1,3,20.7,39.2,3,GMT+1,El Kelaa des Srarhna,32.05,-7.4,Morocco,106418,106418,Very Hot,Light Rain,Windy,True,20
2026-09-16,34.1,20.9,0.0,0,19.3,33.5,0,GMT+1,El Kelaa des Srarhna,32.05,-7.4,Morocco,106418,106418,Hot,No Rain,Breeze,False,20
2026-09-17,30.2,17.1,0.0,3,15.3,26.6,3,GMT+1,El Kelaa des Srarhna,32.05,-7.4,Morocco,106418,106418,Hot,No Rain,Breeze,False,20
2026-09-18,31.6,18.2,0.0,5,15.0,25.9,1,GMT+1,El Kelaa des Srarhna,32.05,-7.4,Morocco,106418,106418,Hot,No Rain,Breeze,False,20
2026-09-19,36.2,19.6,0.0,8,14.8,26.6,2,GMT+1,El Kelaa des Srarhna,32.05,-7.4,Morocco,106418,106418,Very Hot,No Rain,Breeze,False,20
2026-09-20,37.8,23.5,0.6,1,11.4,23.8,2,GMT+1,El Kelaa des Srarhna,32.05,-7.4,Morocco,106418,106418,Very Hot,Light Rain,Breeze,True,20
2026-09-21,35.6,21.9,0.6,8,11.9,23.0,3,GMT+1,El Kelaa des Srarhna,32.05,-7.4,Morocco,106418,106418,Very Hot,Light Rain,Breeze,True,20
2026-09-15,28.7,21.7,0.0,0,20.6,32.4,45,GMT+1,Moulay Abdallah,33.1978,-8.5883,Morocco,103993,103993,Warm,No Rain,Windy,False,10
2026-09-16,25.9,21.1,0.0,0,21.2,33.5,2,GMT+1,Moulay Abdallah,33.1978,-8.5883,Morocco,103993,103993,Warm,No Rain,Windy,False,10
2026-09-17,26.5,19.6,0.0,0,18.9,29.5,3,GMT+1,Moulay Abdallah,33.1978,-8.5883,Morocco,103993,103993,Warm,No Rain,Breeze,False,10
2026-09-18,26.5,20.3,0.0,0,21.0,34.9,3,GMT+1,Moulay Abdallah,33.1978,-8.5883,Morocco,103993,103993,Warm,No Rain,Windy,False,10
2026-09-19,27.3,20.5,0.0,0,19.6,31.7,2,GMT+1,Moulay Abdallah,33.1978,-8.5883,Morocco,103993,103993,Warm,No Rain,Breeze,False,10
2026-09-20,30.2,21.1,0.0,0,16.5,31.3,2,GMT+1,Moulay Abdallah,33.1978,-8.5883,Morocco,103993,103993,Hot,No Rain,Breeze,False,20
2026-09-21,26.7,20.2,0.0,0,15.9,30.6,45,GMT+1,Moulay Abdallah,33.1978,-8.5883,Morocco,103993,103993,Warm,No Rain,Breeze,False,10
2026-09-15,33.6,22.2,0.0,0,18.4,37.4,0,GMT+1,Tiflet,33.9,-6.33,Morocco,103850,103850,Hot,No Rain,Breeze,False,20
2026-09-16,29.2,19.0,0.0,0,19.8,40.0,2,GMT+1,Tiflet,33.9,-6.33,Morocco,103850,103850,Warm,No Rain,Breeze,False,10
2026-09-17,28.4,16.1,0.0,0,15.3,31.7,45,GMT+1,Tiflet,33.9,-6.33,Morocco,103850,103850,Warm,No Rain,Breeze,False,10
2026-09-18,30.3,15.8,0.0,5,15.1,35.3,3,GMT+1,Tiflet,33.9,-6.33,Morocco,103850,103850,Hot,No Rain,Breeze,False,20
2026-09-19,34.6,18.1,0.0,3,11.6,24.5,2,GMT+1,Tiflet,33.9,-6.33,Morocco,103850,103850,Hot,No Rain,Breeze,False,20
2026-09-20,37.5,21.6,0.0,0,14.8,31.3,2,GMT+1,Tiflet,33.9,-6.33,Morocco,103850,103850,Very Hot,No Rain,Breeze,False,20
2026-09-21,35.9,20.5,0.0,0,16.1,32.4,0,GMT+1,Tiflet,33.9,-6.33,Morocco,103850,103850,Very Hot,No Rain,Breeze,False,20
2026-09-15,40.9,26.0,0.0,3,25.3,47.9,3,GMT+1,Oulad Teïma,30.4,-9.21,Morocco,100284,100284,Very Hot,No Rain,Windy,False,20
2026-09-16,35.4,21.9,0.0,0,21.2,40.3,2,GMT+1,Oulad Teïma,30.4,-9.21,Morocco,100284,100284,Very Hot,No Rain,Windy,False,20
2026-09-17,29.8,20.2,0.0,0,27.2,51.1,3,GMT+1,Oulad Teïma,30.4,-9.21,Morocco,100284,100284,Warm,No Rain,Windy,False,10
2026-09-18,29.9,19.3,0.0,0,22.5,43.6,1,GMT+1,Oulad Teïma,30.4,-9.21,Morocco,100284,100284,Warm,No Rain,Windy,False,10
2026-09-19,31.4,20.0,0.0,3,26.2,49.7,2,GMT+1,Oulad Teïma,30.4,-9.21,Morocco,100284,100284,Hot,No Rain,Windy,False,20
2026-09-20,28.1,20.4,0.0,2,27.7,49.3,2,GMT+1,Oulad Teïma,30.4,-9.21,Morocco,100284,100284,Warm,No Rain,Windy,False,10
2026-09-21,32.7,19.7,0.0,0,22.6,41.4,45,GMT+1,Oulad Teïma,30.4,-9.21,Morocco,100284,100284,Hot,No Rain,Windy,False,20
2026-09-15,27.2,17.8,0.0,0,12.8,27.4,2,GMT+1,Berkane,34.9167,-2.3167,Morocco,99069,99069,Warm,No Rain,Breeze,False,10
2026-09-16,31.7,17.5,0.0,0,13.9,34.2,1,GMT+1,Berkane,34.9167,-2.3167,Morocco,99069,99069,Hot,No Rain,Breeze,False,20
2026-09-17,26.0,18.5,0.0,3,14.3,30.6,3,GMT+1,Berkane,34.9167,-2.3167,Morocco,99069,99069,Warm,No Rain,Breeze,False,10
2026-09-18,26.2,19.4,0.0,8,16.0,34.2,3,GMT+1,Berkane,34.9167,-2.3167,Morocco,99069,99069,Warm,No Rain,Breeze,False,10
2026-09-19,26.5,18.6,0.0,13,23.7,47.5,45,GMT+1,Berkane,34.9167,-2.3167,Morocco,99069,99069,Warm,No Rain,Windy,False,10
2026-09-20,26.2,19.5,0.0,8,16.6,31.3,45,GMT+1,Berkane,34.9167,-2.3167,Morocco,99069,99069,Warm,No Rain,Breeze,False,10
2026-09-21,26.4,18.8,0.0,5,13.9,27.4,45,GMT+1,Berkane,34.9167,-2.3167,Morocco,99069,99069,Warm,No Rain,Breeze,False,10
2026-09-15,31.7,20.0,0.0,0,17.8,35.3,0,GMT+1,Ain El Aouda,33.8111,-6.7922,Morocco,98502,98502,Hot,No Rain,Breeze,False,20
2026-09-16,27.4,18.6,0.0,0,20.0,40.0,2,GMT+1,Ain El Aouda,33.8111,-6.7922,Morocco,98502,98502,Warm,No Rain,Breeze,False,10
2026-09-17,27.4,16.7,0.0,0,16.5,32.4,3,GMT+1,Ain El Aouda,33.8111,-6.7922,Morocco,98502,98502,Warm,No Rain,Breeze,False,10
2026-09-18,28.8,14.6,0.0,3,15.0,31.7,45,GMT+1,Ain El Aouda,33.8111,-6.7922,Morocco,98502,98502,Warm,No Rain,Breeze,False,10
2026-09-19,32.6,15.3,0.0,2,15.1,32.4,45,GMT+1,Ain El Aouda,33.8111,-6.7922,Morocco,98502,98502,Hot,No Rain,Breeze,False,20
2026-09-20,38.3,19.4,0.0,3,15.6,29.9,1,GMT+1,Ain El Aouda,33.8111,-6.7922,Morocco,98502,98502,Very Hot,No Rain,Breeze,False,20
2026-09-21,33.3,19.5,0.0,0,16.1,31.0,0,GMT+1,Ain El Aouda,33.8111,-6.7922,Morocco,98502,98502,Hot,No Rain,Breeze,False,20
2026-09-15,34.8,24.3,0.1,23,29.2,56.9,3,GMT+1,Errachidia,31.9319,-4.4244,Morocco,97687,97687,Hot,Light Rain,Windy,True,20
2026-09-16,32.8,21.4,0.0,3,20.9,41.0,3,GMT+1,Errachidia,31.9319,-4.4244,Morocco,97687,97687,Hot,No Rain,Windy,False,20
2026-09-17,31.3,21.6,0.6,30,15.6,32.0,80,GMT+1,Errachidia,31.9319,-4.4244,Morocco,97687,97687,Hot,Light Rain,Breeze,True,20
2026-09-18,31.8,20.8,0.0,30,20.6,40.3,3,GMT+1,Errachidia,31.9319,-4.4244,Morocco,97687,97687,Hot,No Rain,Windy,False,20
2026-09-19,31.5,22.4,0.0,29,15.8,29.9,3,GMT+1,Errachidia,31.9319,-4.4244,Morocco,97687,97687,Hot,No Rain,Breeze,False,20
2026-09-20,33.1,22.1,0.3,14,25.4,43.6,3,GMT+1,Errachidia,31.9319,-4.4244,Morocco,97687,97687,Hot,Light Rain,Windy,True,20
2026-09-21,30.6,21.0,0.9,15,13.1,28.8,3,GMT+1,Errachidia,31.9319,-4.4244,Morocco,97687,97687,Hot,Light Rain,Breeze,True,20
2026-09-15,39.2,22.6,0.0,3,19.1,36.7,2,GMT+1,Al Fqih Ben Çalah,32.507,-6.6886,Morocco,97380,97380,Very Hot,No Rain,Breeze,False,20
2026-09-16,35.2,19.2,0.0,0,17.7,34.6,0,GMT+1,Al Fqih Ben Çalah,32.507,-6.6886,Morocco,97380,97380,Very Hot,No Rain,Breeze,False,20
2026-09-17,32.4,16.4,0.0,3,13.7,25.9,3,GMT+1,Al Fqih Ben Çalah,32.507,-6.6886,Morocco,97380,97380,Hot,No Rain,Breeze,False,20
2026-09-18,33.7,17.0,0.0,10,11.2,22.7,2,GMT+1,Al Fqih Ben Çalah,32.507,-6.6886,Morocco,97380,97380,Hot,No Rain,Breeze,False,20
2026-09-19,37.7,19.9,0.0,5,11.1,22.3,3,GMT+1,Al Fqih Ben Çalah,32.507,-6.6886,Morocco,97380,97380,Very Hot,No Rain,Breeze,False,20
2026-09-20,40.1,24.2,0.3,1,11.0,19.4,3,GMT+1,Al Fqih Ben Çalah,32.507,-6.6886,Morocco,97380,97380,Very Hot,Light Rain,Breeze,True,20
2026-09-21,38.2,22.0,1.2,3,13.7,24.5,80,GMT+1,Al Fqih Ben Çalah,32.507,-6.6886,Morocco,97380,97380,Very Hot,Light Rain,Breeze,True,20
2026-09-15,33.3,21.0,0.0,0,17.0,33.1,2,GMT+1,Ad Darwa,33.4167,-7.5333,Morocco,96619,96619,Hot,No Rain,Breeze,False,20
2026-09-16,27.7,19.4,0.0,0,17.2,33.8,45,GMT+1,Ad Darwa,33.4167,-7.5333,Morocco,96619,96619,Warm,No Rain,Breeze,False,10
2026-09-17,27.4,18.8,0.0,0,16.3,31.7,3,GMT+1,Ad Darwa,33.4167,-7.5333,Morocco,96619,96619,Warm,No Rain,Breeze,False,10
2026-09-18,28.6,17.0,0.0,3,17.4,33.8,3,GMT+1,Ad Darwa,33.4167,-7.5333,Morocco,96619,96619,Warm,No Rain,Breeze,False,10
2026-09-19,31.0,18.0,0.0,0,15.1,29.9,45,GMT+1,Ad Darwa,33.4167,-7.5333,Morocco,96619,96619,Hot,No Rain,Breeze,False,20
2026-09-20,36.3,21.3,0.0,0,18.4,35.3,2,GMT+1,Ad Darwa,33.4167,-7.5333,Morocco,96619,96619,Very Hot,No Rain,Breeze,False,20
2026-09-21,33.7,20.5,0.0,0,19.0,35.6,2,GMT+1,Ad Darwa,33.4167,-7.5333,Morocco,96619,96619,Hot,No Rain,Breeze,False,20
2026-09-15,26.7,21.7,0.0,0,10.0,24.5,2,GMT+1,Martil,35.61,-5.27,Morocco,95896,95896,Warm,No Rain,Calm,False,10
2026-09-16,32.7,21.2,0.0,0,29.0,65.5,1,GMT+1,Martil,35.61,-5.27,Morocco,95896,95896,Hot,No Rain,Windy,False,20
2026-09-17,25.5,17.0,0.0,0,14.7,33.1,3,GMT+1,Martil,35.61,-5.27,Morocco,95896,95896,Warm,No Rain,Breeze,False,10
2026-09-18,25.0,20.7,0.0,5,16.3,36.0,3,GMT+1,Martil,35.61,-5.27,Morocco,95896,95896,Warm,No Rain,Breeze,False,10
2026-09-19,24.8,22.1,1.2,29,26.0,57.6,2,GMT+1,Martil,35.61,-5.27,Morocco,95896,95896,Warm,Light Rain,Windy,True,10
2026-09-20,24.5,22.6,0.15,17,38.8,68.0,80,GMT+1,Martil,35.61,-5.27,Morocco,95896,95896,Warm,Light Rain,Strong Wind,True,30
2026-09-21,24.7,22.3,0.0,0,34.7,63.0,3,GMT+1,Martil,35.61,-5.27,Morocco,95896,95896,Warm,No Rain,Strong Wind,False,30
2026-09-15,34.9,21.0,0.0,0,18.6,39.2,0,GMT+1,Sidi Slimane,34.26,-5.93,Morocco,95114,95114,Hot,No Rain,Breeze,False,20
2026-09-16,31.1,20.3,0.0,0,20.5,43.6,2,GMT+1,Sidi Slimane,34.26,-5.93,Morocco,95114,95114,Hot,No Rain,Windy,False,20
2026-09-17,30.1,18.9,0.0,0,15.5,33.1,3,GMT+1,Sidi Slimane,34.26,-5.93,Morocco,95114,95114,Hot,No Rain,Breeze,False,20
2026-09-18,32.4,15.8,0.0,10,15.0,37.1,45,GMT+1,Sidi Slimane,34.26,-5.93,Morocco,95114,95114,Hot,No Rain,Breeze,False,20
2026-09-19,37.0,18.7,0.0,0,16.2,36.0,1,GMT+1,Sidi Slimane,34.26,-5.93,Morocco,95114,95114,Very Hot,No Rain,Breeze,False,20
2026-09-20,37.9,23.3,0.0,0,24.2,46.1,0,GMT+1,Sidi Slimane,34.26,-5.93,Morocco,95114,95114,Very Hot,No Rain,Windy,False,20
2026-09-21,36.9,23.3,0.0,0,19.9,36.7,1,GMT+1,Sidi Slimane,34.26,-5.93,Morocco,95114,95114,Very Hot,No Rain,Breeze,False,20
2026-09-15,35.3,22.9,0.0,0,22.3,45.0,3,GMT+1,Oued Zem,32.8619,-6.5711,Morocco,93776,93776,Very Hot,No Rain,Windy,False,20
2026-09-16,31.7,18.1,0.0,0,17.1,34.9,1,GMT+1,Oued Zem,32.8619,-6.5711,Morocco,93776,93776,Hot,No Rain,Breeze,False,20
2026-09-17,30.4,15.7,0.0,3,19.5,38.9,2,GMT+1,Oued Zem,32.8619,-6.5711,Morocco,93776,93776,Hot,No Rain,Breeze,False,20
2026-09-18,30.3,16.3,0.0,10,16.1,34.9,2,GMT+1,Oued Zem,32.8619,-6.5711,Morocco,93776,93776,Hot,No Rain,Breeze,False,20
2026-09-19,34.5,17.8,0.0,6,13.0,29.9,3,GMT+1,Oued Zem,32.8619,-6.5711,Morocco,93776,93776,Hot,No Rain,Breeze,False,20
2026-09-20,36.2,23.6,0.0,3,19.7,37.4,2,GMT+1,Oued Zem,32.8619,-6.5711,Morocco,93776,93776,Very Hot,No Rain,Breeze,False,20
2026-09-21,35.1,22.2,0.0,5,20.0,38.9,2,GMT+1,Oued Zem,32.8619,-6.5711,Morocco,93776,93776,Very Hot,No Rain,Breeze,False,20
2026-09-15,32.4,23.6,0.0,0,17.6,38.5,2,GMT+1,Sefrou,33.83,-4.83,Morocco,86903,86903,Hot,No Rain,Breeze,False,20
2026-09-16,29.1,19.2,0.0,0,17.6,38.9,2,GMT+1,Sefrou,33.83,-4.83,Morocco,86903,86903,Warm,No Rain,Breeze,False,10
2026-09-17,26.5,17.5,0.0,10,16.3,35.6,3,GMT+1,Sefrou,33.83,-4.83,Morocco,86903,86903,Warm,No Rain,Breeze,False,10
2026-09-18,27.6,17.2,0.0,13,15.0,32.8,3,GMT+1,Sefrou,33.83,-4.83,Morocco,86903,86903,Warm,No Rain,Breeze,False,10
2026-09-19,30.5,19.5,0.0,3,19.2,41.4,1,GMT+1,Sefrou,33.83,-4.83,Morocco,86903,86903,Hot,No Rain,Breeze,False,20
2026-09-20,31.5,19.0,0.0,8,20.7,39.6,2,GMT+1,Sefrou,33.83,-4.83,Morocco,86903,86903,Hot,No Rain,Windy,False,20
2026-09-21,31.2,16.5,0.0,14,14.8,29.2,0,GMT+1,Sefrou,33.83,-4.83,Morocco,86903,86903,Hot,No Rain,Breeze,False,20
2026-09-15,41.1,27.7,0.0,10,25.8,50.0,3,GMT+1,Taroudannt,30.4711,-8.8778,Morocco,83496,83496,Very Hot,No Rain,Windy,False,20
2026-09-16,37.1,24.2,0.0,0,22.4,45.4,2,GMT+1,Taroudannt,30.4711,-8.8778,Morocco,83496,83496,Very Hot,No Rain,Windy,False,20
2026-09-17,30.6,19.4,0.0,0,25.8,51.1,3,GMT+1,Taroudannt,30.4711,-8.8778,Morocco,83496,83496,Hot,No Rain,Windy,False,20
2026-09-18,31.5,18.9,0.0,5,20.8,43.2,3,GMT+1,Taroudannt,30.4711,-8.8778,Morocco,83496,83496,Hot,No Rain,Windy,False,20
2026-09-19,35.2,21.8,0.0,3,23.3,47.9,2,GMT+1,Taroudannt,30.4711,-8.8778,Morocco,83496,83496,Very Hot,No Rain,Windy,False,20
2026-09-20,31.3,22.9,0.0,2,25.6,46.4,2,GMT+1,Taroudannt,30.4711,-8.8778,Morocco,83496,83496,Hot,No Rain,Windy,False,20
2026-09-21,36.7,20.7,0.0,0,24.8,47.5,1,GMT+1,Taroudannt,30.4711,-8.8778,Morocco,83496,83496,Very Hot,No Rain,Windy,False,20
2026-09-15,27.9,22.7,0.0,3,27.2,51.1,3,GMT+1,Essaouira,31.513,-9.7687,Morocco,82962,82962,Warm,No Rain,Windy,False,10
2026-09-16,25.9,20.2,0.0,0,37.0,68.4,1,GMT+1,Essaouira,31.513,-9.7687,Morocco,82962,82962,Warm,No Rain,Strong Wind,False,30
2026-09-17,24.3,19.2,0.0,0,29.2,53.6,2,GMT+1,Essaouira,31.513,-9.7687,Morocco,82962,82962,Warm,No Rain,Windy,False,10
2026-09-18,24.7,19.1,0.0,0,29.2,53.3,1,GMT+1,Essaouira,31.513,-9.7687,Morocco,82962,82962,Warm,No Rain,Windy,False,10
2026-09-19,25.0,18.8,0.0,0,24.8,45.0,2,GMT+1,Essaouira,31.513,-9.7687,Morocco,82962,82962,Warm,No Rain,Windy,False,10
2026-09-20,27.2,19.8,0.0,0,16.1,30.2,2,GMT+1,Essaouira,31.513,-9.7687,Morocco,82962,82962,Warm,No Rain,Breeze,False,10
2026-09-21,27.4,19.4,0.0,0,11.5,22.0,45,GMT+1,Essaouira,31.513,-9.7687,Morocco,82962,82962,Warm,No Rain,Breeze,False,10
2026-09-15,29.7,17.6,0.0,0,19.8,42.5,2,GMT+1,Azrou,33.4344,-5.2213,Morocco,81350,81350,Warm,No Rain,Breeze,False,10
2026-09-16,26.1,14.2,0.0,0,16.2,40.7,1,GMT+1,Azrou,33.4344,-5.2213,Morocco,81350,81350,Warm,No Rain,Breeze,False,10
2026-09-17,25.9,15.1,0.0,23,17.2,37.4,3,GMT+1,Azrou,33.4344,-5.2213,Morocco,81350,81350,Warm,No Rain,Breeze,False,10
2026-09-18,25.4,14.2,0.0,33,12.7,29.9,3,GMT+1,Azrou,33.4344,-5.2213,Morocco,81350,81350,Warm,No Rain,Breeze,False,10
2026-09-19,28.4,16.7,0.0,10,13.4,33.8,3,GMT+1,Azrou,33.4344,-5.2213,Morocco,81350,81350,Warm,No Rain,Breeze,False,10
2026-09-20,29.5,19.7,0.0,9,23.4,54.4,3,GMT+1,Azrou,33.4344,-5.2213,Morocco,81350,81350,Warm,No Rain,Windy,False,10
2026-09-21,29.0,19.6,0.0,10,25.6,61.9,1,GMT+1,Azrou,33.4344,-5.2213,Morocco,81350,81350,Warm,No Rain,Windy,False,10
2026-09-15,33.5,18.9,0.0,0,23.7,43.6,3,GMT+1,Guercif,34.23,-3.36,Morocco,80703,80703,Hot,No Rain,Windy,False,20
2026-09-16,34.5,19.3,0.0,3,25.7,45.7,1,GMT+1,Guercif,34.23,-3.36,Morocco,80703,80703,Hot,No Rain,Windy,False,20
2026-09-17,30.5,20.1,0.0,9,27.7,52.2,3,GMT+1,Guercif,34.23,-3.36,Morocco,80703,80703,Hot,No Rain,Windy,False,20
2026-09-18,29.9,20.0,0.0,10,28.0,50.8,3,GMT+1,Guercif,34.23,-3.36,Morocco,80703,80703,Warm,No Rain,Windy,False,10
2026-09-19,30.2,20.0,0.0,13,33.2,67.3,3,GMT+1,Guercif,34.23,-3.36,Morocco,80703,80703,Hot,No Rain,Strong Wind,False,40
2026-09-20,29.4,20.7,0.0,5,32.2,56.5,3,GMT+1,Guercif,34.23,-3.36,Morocco,80703,80703,Warm,No Rain,Strong Wind,False,30
2026-09-21,29.5,20.6,0.0,3,31.0,52.2,3,GMT+1,Guercif,34.23,-3.36,Morocco,80703,80703,Warm,No Rain,Strong Wind,False,30
2026-09-15,32.2,21.9,0.0,8,21.4,40.0,3,GMT+1,Warzat,30.9167,-6.9167,Morocco,79218,79218,Hot,No Rain,Windy,False,20
2026-09-16,33.3,18.0,0.0,3,23.1,40.3,1,GMT+1,Warzat,30.9167,-6.9167,Morocco,79218,79218,Hot,No Rain,Windy,False,20
2026-09-17,32.1,19.2,0.6,25,14.0,26.6,80,GMT+1,Warzat,30.9167,-6.9167,Morocco,79218,79218,Hot,Light Rain,Breeze,True,20
2026-09-18,31.8,18.6,0.0,23,18.4,34.2,2,GMT+1,Warzat,30.9167,-6.9167,Morocco,79218,79218,Hot,No Rain,Breeze,False,20
2026-09-19,32.4,20.5,0.0,18,8.3,17.3,2,GMT+1,Warzat,30.9167,-6.9167,Morocco,79218,79218,Hot,No Rain,Calm,False,20
2026-09-20,33.8,22.9,0.0,9,25.0,46.4,3,GMT+1,Warzat,30.9167,-6.9167,Morocco,79218,79218,Hot,No Rain,Windy,False,20
2026-09-21,31.4,20.5,0.6,5,17.7,34.6,80,GMT+1,Warzat,30.9167,-6.9167,Morocco,79218,79218,Hot,Light Rain,Breeze,True,20
2026-09-15,27.6,21.3,0.0,0,11.3,22.3,2,GMT+1,Fnidq,35.8414,-5.3587,Morocco,77250,77250,Warm,No Rain,Breeze,False,10
2026-09-16,30.0,21.3,0.0,0,31.8,60.5,1,GMT+1,Fnidq,35.8414,-5.3587,Morocco,77250,77250,Warm,No Rain,Strong Wind,False,30
2026-09-17,26.6,18.0,0.0,0,14.0,28.1,3,GMT+1,Fnidq,35.8414,-5.3587,Morocco,77250,77250,Warm,No Rain,Breeze,False,10
2026-09-18,24.7,20.7,0.0,5,16.7,32.8,3,GMT+1,Fnidq,35.8414,-5.3587,Morocco,77250,77250,Warm,No Rain,Breeze,False,10
2026-09-19,24.7,22.0,1.2,29,28.6,54.4,80,GMT+1,Fnidq,35.8414,-5.3587,Morocco,77250,77250,Warm,Light Rain,Windy,True,10
2026-09-20,24.4,22.5,0.6,17,38.8,68.0,80,GMT+1,Fnidq,35.8414,-5.3587,Morocco,77250,77250,Warm,Light Rain,Strong Wind,True,30
2026-09-21,24.6,22.3,0.0,0,34.7,63.0,3,GMT+1,Fnidq,35.8414,-5.3587,Morocco,77250,77250,Warm,No Rain,Strong Wind,False,30
2026-09-15,37.0,23.4,0.0,0,19.7,37.8,0,GMT+1,Tan-Tan,28.4333,-11.1,Morocco,76134,76134,Very Hot,No Rain,Breeze,False,20
2026-09-16,31.0,20.6,0.0,0,24.6,45.7,0,GMT+1,Tan-Tan,28.4333,-11.1,Morocco,76134,76134,Hot,No Rain,Windy,False,20
2026-09-17,25.9,20.3,0.2,0,32.1,56.5,51,GMT+1,Tan-Tan,28.4333,-11.1,Morocco,76134,76134,Warm,Light Rain,Strong Wind,True,30
2026-09-18,25.7,19.5,0.0,0,26.3,47.9,1,GMT+1,Tan-Tan,28.4333,-11.1,Morocco,76134,76134,Warm,No Rain,Windy,False,10
2026-09-19,26.1,19.6,0.0,0,19.6,38.9,3,GMT+1,Tan-Tan,28.4333,-11.1,Morocco,76134,76134,Warm,No Rain,Breeze,False,10
2026-09-20,30.3,17.8,0.0,2,16.2,33.8,3,GMT+1,Tan-Tan,28.4333,-11.1,Morocco,76134,76134,Hot,No Rain,Breeze,False,20
2026-09-21,33.4,17.7,0.0,4,20.1,43.9,1,GMT+1,Tan-Tan,28.4333,-11.1,Morocco,76134,76134,Hot,No Rain,Windy,False,20
2026-09-15,34.8,21.8,0.0,0,19.7,40.7,0,GMT+1,Sidi Qacem,34.21,-5.7,Morocco,75037,75037,Hot,No Rain,Breeze,False,20
2026-09-16,31.5,20.6,0.0,0,19.6,41.8,2,GMT+1,Sidi Qacem,34.21,-5.7,Morocco,75037,75037,Hot,No Rain,Breeze,False,20
2026-09-17,30.1,18.5,0.0,0,14.5,31.3,3,GMT+1,Sidi Qacem,34.21,-5.7,Morocco,75037,75037,Hot,No Rain,Breeze,False,20
2026-09-18,32.3,17.2,0.0,8,16.8,36.0,3,GMT+1,Sidi Qacem,34.21,-5.7,Morocco,75037,75037,Hot,No Rain,Breeze,False,20
2026-09-19,36.2,19.9,0.0,3,19.8,41.4,1,GMT+1,Sidi Qacem,34.21,-5.7,Morocco,75037,75037,Very Hot,No Rain,Breeze,False,20
2026-09-20,37.0,24.5,0.0,0,22.5,46.8,1,GMT+1,Sidi Qacem,34.21,-5.7,Morocco,75037,75037,Very Hot,No Rain,Windy,False,20
2026-09-21,36.3,24.1,0.0,0,17.2,36.4,1,GMT+1,Sidi Qacem,34.21,-5.7,Morocco,75037,75037,Very Hot,No Rain,Breeze,False,20
2026-09-15,26.6,21.5,0.0,0,10.0,24.5,2,GMT+1,M’diq,35.68,-5.32,Morocco,67599,67599,Warm,No Rain,Calm,False,10
2026-09-16,32.6,21.1,0.0,0,29.0,65.5,1,GMT+1,M’diq,35.68,-5.32,Morocco,67599,67599,Hot,No Rain,Windy,False,20
2026-09-17,25.3,16.9,0.0,0,14.7,33.1,3,GMT+1,M’diq,35.68,-5.32,Morocco,67599,67599,Warm,No Rain,Breeze,False,10
2026-09-18,24.8,20.5,0.0,5,16.3,36.0,3,GMT+1,M’diq,35.68,-5.32,Morocco,67599,67599,Warm,No Rain,Breeze,False,10
2026-09-19,24.6,21.9,1.2,8,26.0,57.6,2,GMT+1,M’diq,35.68,-5.32,Morocco,67599,67599,Warm,Light Rain,Windy,True,10
2026-09-20,25.6,22.4,0.15,0,40.4,84.2,80,GMT+1,M’diq,35.68,-5.32,Morocco,67599,67599,Warm,Light Rain,Gale,True,10
2026-09-21,25.7,22.1,0.0,0,36.8,76.3,2,GMT+1,M’diq,35.68,-5.32,Morocco,67599,67599,Warm,No Rain,Strong Wind,False,30
2026-09-15,37.4,24.6,0.0,3,24.1,49.7,3,GMT+1,Youssoufia,32.25,-8.53,Morocco,65669,65669,Very Hot,No Rain,Windy,False,20
2026-09-16,31.4,19.7,0.0,0,20.6,41.8,1,GMT+1,Youssoufia,32.25,-8.53,Morocco,65669,65669,Hot,No Rain,Windy,False,20
2026-09-17,28.7,17.1,0.0,0,18.2,38.2,3,GMT+1,Youssoufia,32.25,-8.53,Morocco,65669,65669,Warm,No Rain,Breeze,False,10
2026-09-18,30.9,16.9,0.0,3,18.2,37.4,45,GMT+1,Youssoufia,32.25,-8.53,Morocco,65669,65669,Hot,No Rain,Breeze,False,20
2026-09-19,34.4,16.6,0.0,3,15.5,32.4,45,GMT+1,Youssoufia,32.25,-8.53,Morocco,65669,65669,Hot,No Rain,Breeze,False,20
2026-09-20,39.0,22.9,0.0,0,19.1,48.2,2,GMT+1,Youssoufia,32.25,-8.53,Morocco,65669,65669,Very Hot,No Rain,Breeze,False,20
2026-09-21,32.6,21.6,0.0,0,19.6,36.0,2,GMT+1,Youssoufia,32.25,-8.53,Morocco,65669,65669,Hot,No Rain,Breeze,False,20
2026-09-15,30.0,18.2,0.0,8,23.4,41.8,3,GMT+1,Midalt,32.68,-4.74,Morocco,62648,62648,Warm,No Rain,Windy,False,10
2026-09-16,27.0,17.0,0.0,0,21.4,38.5,2,GMT+1,Midalt,32.68,-4.74,Morocco,62648,62648,Warm,No Rain,Windy,False,10
2026-09-17,26.9,14.4,1.3,38,16.1,31.7,80,GMT+1,Midalt,32.68,-4.74,Morocco,62648,62648,Warm,Light Rain,Breeze,True,10
2026-09-18,26.6,13.6,0.0,18,22.1,35.6,3,GMT+1,Midalt,32.68,-4.74,Morocco,62648,62648,Warm,No Rain,Windy,False,10
2026-09-19,25.8,14.3,0.0,14,26.3,43.9,3,GMT+1,Midalt,32.68,-4.74,Morocco,62648,62648,Warm,No Rain,Windy,False,10
2026-09-20,29.0,15.5,0.6,9,16.8,29.2,3,GMT+1,Midalt,32.68,-4.74,Morocco,62648,62648,Warm,Light Rain,Breeze,True,10
2026-09-21,29.5,16.9,0.0,14,27.2,47.5,3,GMT+1,Midalt,32.68,-4.74,Morocco,62648,62648,Warm,No Rain,Windy,False,10
2026-09-15,29.2,21.7,0.0,0,12.1,32.0,45,GMT+1,Aïn Harrouda,33.6372,-7.4483,Morocco,60804,60804,Warm,No Rain,Breeze,False,10
2026-09-16,26.4,20.6,0.0,0,15.2,37.4,45,GMT+1,Aïn Harrouda,33.6372,-7.4483,Morocco,60804,60804,Warm,No Rain,Breeze,False,10
2026-09-17,26.3,19.7,0.0,0,13.2,33.8,3,GMT+1,Aïn Harrouda,33.6372,-7.4483,Morocco,60804,60804,Warm,No Rain,Breeze,False,10
2026-09-18,26.9,17.6,0.0,3,14.6,37.1,3,GMT+1,Aïn Harrouda,33.6372,-7.4483,Morocco,60804,60804,Warm,No Rain,Breeze,False,10
2026-09-19,27.8,18.4,0.0,0,12.6,33.5,45,GMT+1,Aïn Harrouda,33.6372,-7.4483,Morocco,60804,60804,Warm,No Rain,Breeze,False,10
2026-09-20,30.4,20.4,0.0,0,11.5,27.4,2,GMT+1,Aïn Harrouda,33.6372,-7.4483,Morocco,60804,60804,Hot,No Rain,Breeze,False,20
2026-09-21,30.3,20.6,0.0,0,13.8,33.8,2,GMT+1,Aïn Harrouda,33.6372,-7.4483,Morocco,60804,60804,Hot,No Rain,Breeze,False,20
2026-09-15,39.7,24.6,0.0,3,17.7,32.8,3,GMT+1,Souq Sebt Oulad Nemma,32.3,-6.7,Morocco,60293,60293,Very Hot,No Rain,Breeze,False,20
2026-09-16,35.4,20.4,0.0,0,15.3,26.6,1,GMT+1,Souq Sebt Oulad Nemma,32.3,-6.7,Morocco,60293,60293,Very Hot,No Rain,Breeze,False,20
2026-09-17,32.2,17.7,0.0,5,13.8,24.8,3,GMT+1,Souq Sebt Oulad Nemma,32.3,-6.7,Morocco,60293,60293,Hot,No Rain,Breeze,False,20
2026-09-18,33.8,18.3,0.0,5,8.6,17.6,1,GMT+1,Souq Sebt Oulad Nemma,32.3,-6.7,Morocco,60293,60293,Hot,No Rain,Calm,False,20
2026-09-19,38.2,20.2,0.0,2,10.5,19.8,3,GMT+1,Souq Sebt Oulad Nemma,32.3,-6.7,Morocco,60293,60293,Very Hot,No Rain,Breeze,False,20
2026-09-20,40.2,24.2,0.3,3,10.7,20.2,2,GMT+1,Souq Sebt Oulad Nemma,32.3,-6.7,Morocco,60293,60293,Very Hot,Light Rain,Breeze,True,20
2026-09-21,38.6,23.8,0.6,3,16.6,29.2,80,GMT+1,Souq Sebt Oulad Nemma,32.3,-6.7,Morocco,60293,60293,Very Hot,Light Rain,Breeze,True,20
2026-09-15,27.6,21.0,0.0,0,12.5,28.1,45,GMT+1,Mehdya,34.2557,-6.6745,Morocco,58558,58558,Warm,No Rain,Breeze,False,10
2026-09-16,26.5,21.0,0.0,0,16.3,36.4,3,GMT+1,Mehdya,34.2557,-6.6745,Morocco,58558,58558,Warm,No Rain,Breeze,False,10
2026-09-17,26.3,19.3,0.0,0,12.1,28.1,3,GMT+1,Mehdya,34.2557,-6.6745,Morocco,58558,58558,Warm,No Rain,Breeze,False,10
2026-09-18,26.9,17.6,0.0,5,13.3,29.9,45,GMT+1,Mehdya,34.2557,-6.6745,Morocco,58558,58558,Warm,No Rain,Breeze,False,10
2026-09-19,32.0,17.7,0.0,0,16.1,35.3,45,GMT+1,Mehdya,34.2557,-6.6745,Morocco,58558,58558,Hot,No Rain,Breeze,False,20
2026-09-20,36.7,22.5,0.0,0,17.3,40.3,1,GMT+1,Mehdya,34.2557,-6.6745,Morocco,58558,58558,Very Hot,No Rain,Breeze,False,20
2026-09-21,33.1,22.1,0.0,0,14.3,33.1,0,GMT+1,Mehdya,34.2557,-6.6745,Morocco,58558,58558,Hot,No Rain,Breeze,False,20
2026-09-15,35.3,19.8,0.0,0,21.7,44.6,1,GMT+1,Ouezzane,34.8,-5.6,Morocco,57737,57737,Very Hot,No Rain,Windy,False,20
2026-09-16,30.4,17.3,0.0,0,17.6,34.6,3,GMT+1,Ouezzane,34.8,-5.6,Morocco,57737,57737,Hot,No Rain,Breeze,False,20
2026-09-17,29.8,16.6,0.0,1,21.4,41.8,3,GMT+1,Ouezzane,34.8,-5.6,Morocco,57737,57737,Warm,No Rain,Windy,False,10
2026-09-18,31.6,15.6,0.0,8,14.0,32.8,3,GMT+1,Ouezzane,34.8,-5.6,Morocco,57737,57737,Hot,No Rain,Breeze,False,20
2026-09-19,36.1,17.5,0.0,5,16.6,29.5,1,GMT+1,Ouezzane,34.8,-5.6,Morocco,57737,57737,Very Hot,No Rain,Breeze,False,20
2026-09-20,36.7,20.8,0.0,3,20.2,39.6,0,GMT+1,Ouezzane,34.8,-5.6,Morocco,57737,57737,Very Hot,No Rain,Windy,False,20
2026-09-21,35.8,21.4,0.0,3,16.4,33.1,2,GMT+1,Ouezzane,34.8,-5.6,Morocco,57737,57737,Very Hot,No Rain,Breeze,False,20
2026-09-15,40.9,26.8,0.0,1,31.5,50.4,0,GMT+1,Semara,26.7394,-11.6703,Morocco,57035,57035,Very Hot,No Rain,Strong Wind,False,40
2026-09-16,39.4,25.2,0.0,0,32.0,55.1,0,GMT+1,Semara,26.7394,-11.6703,Morocco,57035,57035,Very Hot,No Rain,Strong Wind,False,40
2026-09-17,31.0,20.3,0.0,0,29.3,50.4,3,GMT+1,Semara,26.7394,-11.6703,Morocco,57035,57035,Hot,No Rain,Windy,False,20
2026-09-18,30.2,19.3,0.0,0,25.9,46.1,3,GMT+1,Semara,26.7394,-11.6703,Morocco,57035,57035,Hot,No Rain,Windy,False,20
2026-09-19,32.5,18.4,0.0,0,20.8,37.4,3,GMT+1,Semara,26.7394,-11.6703,Morocco,57035,57035,Hot,No Rain,Windy,False,20
2026-09-20,37.5,18.1,0.0,2,24.0,38.9,1,GMT+1,Semara,26.7394,-11.6703,Morocco,57035,57035,Very Hot,No Rain,Windy,False,20
2026-09-21,41.3,22.6,0.0,25,16.9,44.6,3,GMT+1,Semara,26.7394,-11.6703,Morocco,57035,57035,Very Hot,No Rain,Breeze,False,20
2026-09-15,35.4,24.7,0.0,3,17.0,31.3,3,GMT+1,Ait Ourir,31.5644,-7.6628,Morocco,56954,56954,Very Hot,No Rain,Breeze,False,20
2026-09-16,32.7,19.9,0.0,0,14.9,28.1,1,GMT+1,Ait Ourir,31.5644,-7.6628,Morocco,56954,56954,Hot,No Rain,Breeze,False,20
2026-09-17,28.9,17.7,0.0,8,10.0,20.2,3,GMT+1,Ait Ourir,31.5644,-7.6628,Morocco,56954,56954,Warm,No Rain,Calm,False,10
2026-09-18,30.3,17.5,0.0,10,10.2,21.6,1,GMT+1,Ait Ourir,31.5644,-7.6628,Morocco,56954,56954,Hot,No Rain,Breeze,False,20
2026-09-19,34.8,19.2,0.0,10,12.2,24.5,2,GMT+1,Ait Ourir,31.5644,-7.6628,Morocco,56954,56954,Hot,No Rain,Breeze,False,20
2026-09-20,37.0,22.7,0.3,4,10.2,19.8,3,GMT+1,Ait Ourir,31.5644,-7.6628,Morocco,56954,56954,Very Hot,Light Rain,Breeze,True,20
2026-09-21,33.9,21.8,1.8,5,9.9,28.8,80,GMT+1,Ait Ourir,31.5644,-7.6628,Morocco,56954,56954,Hot,Light Rain,Calm,True,20
2026-09-15,34.2,23.6,0.0,0,16.9,32.8,2,GMT+1,Oulad Tayeb,33.9598,-4.9954,Morocco,56352,56352,Hot,No Rain,Breeze,False,20
2026-09-16,30.9,21.0,0.0,0,16.7,31.7,1,GMT+1,Oulad Tayeb,33.9598,-4.9954,Morocco,56352,56352,Hot,No Rain,Breeze,False,20
2026-09-17,29.2,18.4,0.0,5,13.3,26.3,45,GMT+1,Oulad Tayeb,33.9598,-4.9954,Morocco,56352,56352,Warm,No Rain,Breeze,False,10
2026-09-18,30.7,18.4,0.0,5,10.9,23.4,3,GMT+1,Oulad Tayeb,33.9598,-4.9954,Morocco,56352,56352,Hot,No Rain,Breeze,False,20
2026-09-19,33.4,19.7,0.0,0,17.7,37.1,1,GMT+1,Oulad Tayeb,33.9598,-4.9954,Morocco,56352,56352,Hot,No Rain,Breeze,False,20
2026-09-20,33.2,21.0,0.0,0,20.0,48.6,1,GMT+1,Oulad Tayeb,33.9598,-4.9954,Morocco,56352,56352,Hot,No Rain,Breeze,False,20
2026-09-21,33.1,20.8,0.0,0,14.4,37.4,0,GMT+1,Oulad Tayeb,33.9598,-4.9954,Morocco,56352,56352,Hot,No Rain,Breeze,False,20
2026-09-15,29.9,21.5,0.0,0,13.0,34.2,45,GMT+1,Tit Mellil,33.5533,-7.4822,Morocco,56019,56019,Warm,No Rain,Breeze,False,10
2026-09-16,26.3,20.2,0.0,0,14.9,38.2,45,GMT+1,Tit Mellil,33.5533,-7.4822,Morocco,56019,56019,Warm,No Rain,Breeze,False,10
2026-09-17,26.1,19.0,0.0,0,13.4,35.3,3,GMT+1,Tit Mellil,33.5533,-7.4822,Morocco,56019,56019,Warm,No Rain,Breeze,False,10
2026-09-18,27.0,17.5,0.0,3,15.0,38.5,3,GMT+1,Tit Mellil,33.5533,-7.4822,Morocco,56019,56019,Warm,No Rain,Breeze,False,10
2026-09-19,28.1,18.7,0.0,0,13.0,34.6,45,GMT+1,Tit Mellil,33.5533,-7.4822,Morocco,56019,56019,Warm,No Rain,Breeze,False,10
2026-09-20,31.1,20.8,0.0,0,11.6,29.9,2,GMT+1,Tit Mellil,33.5533,-7.4822,Morocco,56019,56019,Hot,No Rain,Breeze,False,20
2026-09-21,29.7,20.9,0.0,0,13.6,36.0,2,GMT+1,Tit Mellil,33.5533,-7.4822,Morocco,56019,56019,Warm,No Rain,Breeze,False,10
2026-09-15,37.2,21.1,0.0,3,26.1,45.4,3,GMT+1,Sidi Bennour,32.655,-8.4292,Morocco,55847,55847,Very Hot,No Rain,Windy,False,20
2026-09-16,30.2,18.5,0.0,0,22.7,39.2,2,GMT+1,Sidi Bennour,32.655,-8.4292,Morocco,55847,55847,Hot,No Rain,Windy,False,20
2026-09-17,28.6,17.5,0.0,0,20.2,35.3,3,GMT+1,Sidi Bennour,32.655,-8.4292,Morocco,55847,55847,Warm,No Rain,Windy,False,10
2026-09-18,30.6,17.5,0.0,0,22.0,39.2,45,GMT+1,Sidi Bennour,32.655,-8.4292,Morocco,55847,55847,Hot,No Rain,Windy,False,20
2026-09-19,34.0,16.5,0.0,0,18.0,32.4,45,GMT+1,Sidi Bennour,32.655,-8.4292,Morocco,55847,55847,Hot,No Rain,Breeze,False,20
2026-09-20,38.7,20.3,0.0,0,18.4,36.0,2,GMT+1,Sidi Bennour,32.655,-8.4292,Morocco,55847,55847,Very Hot,No Rain,Breeze,False,20
2026-09-21,32.7,19.6,0.0,3,17.6,33.5,45,GMT+1,Sidi Bennour,32.655,-8.4292,Morocco,55847,55847,Hot,No Rain,Breeze,False,20
2026-09-15,38.9,26.1,0.0,3,19.1,40.7,3,GMT+1,Temsia,30.3633,-9.4144,Morocco,52663,52663,Very Hot,No Rain,Breeze,False,20
2026-09-16,31.9,22.3,0.0,0,17.1,37.4,2,GMT+1,Temsia,30.3633,-9.4144,Morocco,52663,52663,Hot,No Rain,Breeze,False,20
2026-09-17,28.2,21.1,0.0,0,22.8,47.2,3,GMT+1,Temsia,30.3633,-9.4144,Morocco,52663,52663,Warm,No Rain,Windy,False,10
2026-09-18,28.2,20.2,0.0,0,20.9,43.9,1,GMT+1,Temsia,30.3633,-9.4144,Morocco,52663,52663,Warm,No Rain,Windy,False,10
2026-09-19,28.4,20.5,0.0,3,22.5,47.2,45,GMT+1,Temsia,30.3633,-9.4144,Morocco,52663,52663,Warm,No Rain,Windy,False,10
2026-09-20,28.6,20.9,0.0,0,27.7,49.3,1,GMT+1,Temsia,30.3633,-9.4144,Morocco,52663,52663,Warm,No Rain,Windy,False,10
2026-09-21,33.2,20.2,0.0,0,22.6,41.4,45,GMT+1,Temsia,30.3633,-9.4144,Morocco,52663,52663,Hot,No Rain,Windy,False,20
2026-09-15,38.6,26.6,0.0,3,22.9,40.3,2,GMT+1,Biougra,30.2144,-9.3708,Morocco,50626,50626,Very Hot,No Rain,Windy,False,20
2026-09-16,33.7,23.1,0.0,0,29.4,49.0,1,GMT+1,Biougra,30.2144,-9.3708,Morocco,50626,50626,Hot,No Rain,Windy,False,20
2026-09-17,27.9,21.1,0.0,0,32.9,54.7,3,GMT+1,Biougra,30.2144,-9.3708,Morocco,50626,50626,Warm,No Rain,Strong Wind,False,30
2026-09-18,28.3,20.2,0.0,0,23.1,39.6,2,GMT+1,Biougra,30.2144,-9.3708,Morocco,50626,50626,Warm,No Rain,Windy,False,10
2026-09-19,28.6,20.4,0.0,3,22.1,36.0,2,GMT+1,Biougra,30.2144,-9.3708,Morocco,50626,50626,Warm,No Rain,Windy,False,10
2026-09-20,27.3,20.5,0.0,0,25.5,43.9,1,GMT+1,Biougra,30.2144,-9.3708,Morocco,50626,50626,Warm,No Rain,Windy,False,10
2026-09-21,30.7,19.9,0.0,0,19.8,35.3,45,GMT+1,Biougra,30.2144,-9.3708,Morocco,50626,50626,Hot,No Rain,Breeze,False,20
2026-09-15,26.4,20.2,0.0,0,11.3,20.2,45,GMT+1,Al Hoceïma,35.2472,-3.9322,Morocco,50225,50225,Warm,No Rain,Breeze,False,10
2026-09-16,28.7,19.9,0.0,0,13.0,25.2,3,GMT+1,Al Hoceïma,35.2472,-3.9322,Morocco,50225,50225,Warm,No Rain,Breeze,False,10
2026-09-17,25.8,20.0,0.0,3,16.7,30.2,3,GMT+1,Al Hoceïma,35.2472,-3.9322,Morocco,50225,50225,Warm,No Rain,Breeze,False,10
2026-09-18,26.0,18.9,0.0,12,15.4,32.0,45,GMT+1,Al Hoceïma,35.2472,-3.9322,Morocco,50225,50225,Warm,No Rain,Breeze,False,10
2026-09-19,27.7,18.9,0.0,15,26.5,47.5,2,GMT+1,Al Hoceïma,35.2472,-3.9322,Morocco,50225,50225,Warm,No Rain,Windy,False,10
2026-09-20,27.3,22.0,0.0,5,33.7,60.5,2,GMT+1,Al Hoceïma,35.2472,-3.9322,Morocco,50225,50225,Warm,No Rain,Strong Wind,False,30
2026-09-21,26.1,21.8,0.0,0,30.0,57.6,3,GMT+1,Al Hoceïma,35.2472,-3.9322,Morocco,50225,50225,Warm,No Rain,Windy,False,10
2026-09-15,38.8,22.9,0.0,3,19.5,35.6,2,GMT+1,Qasbat Tadla,32.6,-6.26,Morocco,48172,48172,Very Hot,No Rain,Breeze,False,20
2026-09-16,34.3,18.7,0.0,0,14.6,27.7,0,GMT+1,Qasbat Tadla,32.6,-6.26,Morocco,48172,48172,Hot,No Rain,Breeze,False,20
2026-09-17,32.3,17.5,0.0,3,11.9,22.7,3,GMT+1,Qasbat Tadla,32.6,-6.26,Morocco,48172,48172,Hot,No Rain,Breeze,False,20
2026-09-18,33.4,17.2,0.0,8,14.4,25.6,2,GMT+1,Qasbat Tadla,32.6,-6.26,Morocco,48172,48172,Hot,No Rain,Breeze,False,20
2026-09-19,37.3,20.6,0.0,1,10.2,19.4,3,GMT+1,Qasbat Tadla,32.6,-6.26,Morocco,48172,48172,Very Hot,No Rain,Breeze,False,20
2026-09-20,39.4,24.8,0.0,3,21.4,37.8,2,GMT+1,Qasbat Tadla,32.6,-6.26,Morocco,48172,48172,Very Hot,No Rain,Windy,False,20
2026-09-21,37.5,19.9,0.6,9,7.9,20.5,80,GMT+1,Qasbat Tadla,32.6,-6.26,Morocco,48172,48172,Very Hot,Light Rain,Calm,True,20
2026-09-15,30.4,19.7,0.1,5,22.9,49.3,3,GMT+1,Aziylal,31.96,-6.56,Morocco,48138,48138,Hot,Light Rain,Windy,True,20
2026-09-16,26.6,16.0,0.0,0,18.8,39.2,0,GMT+1,Aziylal,31.96,-6.56,Morocco,48138,48138,Warm,No Rain,Breeze,False,10
2026-09-17,25.3,14.8,0.0,23,15.3,32.0,3,GMT+1,Aziylal,31.96,-6.56,Morocco,48138,48138,Warm,No Rain,Breeze,False,10
2026-09-18,25.9,15.0,0.0,18,17.3,37.8,3,GMT+1,Aziylal,31.96,-6.56,Morocco,48138,48138,Warm,No Rain,Breeze,False,10
2026-09-19,28.9,17.6,0.0,23,16.4,34.9,3,GMT+1,Aziylal,31.96,-6.56,Morocco,48138,48138,Warm,No Rain,Breeze,False,10
2026-09-20,30.8,20.3,0.0,6,18.0,34.2,3,GMT+1,Aziylal,31.96,-6.56,Morocco,48138,48138,Hot,No Rain,Breeze,False,20
2026-09-21,29.2,19.4,1.8,12,16.0,33.1,80,GMT+1,Aziylal,31.96,-6.56,Morocco,48138,48138,Warm,Light Rain,Breeze,True,10
2026-09-15,36.8,23.7,0.0,3,21.2,38.5,3,GMT+1,Boujad,32.7741,-6.3925,Morocco,47209,47209,Very Hot,No Rain,Windy,False,20
2026-09-16,32.6,18.5,0.0,0,16.7,31.3,1,GMT+1,Boujad,32.7741,-6.3925,Morocco,47209,47209,Hot,No Rain,Breeze,False,20
2026-09-17,30.9,16.9,0.0,3,17.7,33.1,3,GMT+1,Boujad,32.7741,-6.3925,Morocco,47209,47209,Hot,No Rain,Breeze,False,20
2026-09-18,31.7,16.9,0.0,10,16.4,31.3,3,GMT+1,Boujad,32.7741,-6.3925,Morocco,47209,47209,Hot,No Rain,Breeze,False,20
2026-09-19,35.4,20.1,0.0,4,15.5,27.4,3,GMT+1,Boujad,32.7741,-6.3925,Morocco,47209,47209,Very Hot,No Rain,Breeze,False,20
2026-09-20,36.9,24.7,0.0,0,19.2,42.5,2,GMT+1,Boujad,32.7741,-6.3925,Morocco,47209,47209,Very Hot,No Rain,Breeze,False,20
2026-09-21,35.4,22.8,0.6,5,14.3,34.6,3,GMT+1,Boujad,32.7741,-6.3925,Morocco,47209,47209,Very Hot,Light Rain,Breeze,True,20
2026-09-15,29.1,18.2,0.0,0,16.9,29.2,45,GMT+1,Al Aaroui,35.0104,-3.0073,Morocco,46540,46540,Warm,No Rain,Breeze,False,10
2026-09-16,32.9,18.0,0.0,0,15.9,27.4,3,GMT+1,Al Aaroui,35.0104,-3.0073,Morocco,46540,46540,Hot,No Rain,Breeze,False,20
2026-09-17,26.7,17.3,0.0,1,18.9,33.5,3,GMT+1,Al Aaroui,35.0104,-3.0073,Morocco,46540,46540,Warm,No Rain,Breeze,False,10
2026-09-18,26.2,20.6,0.0,8,21.6,37.4,3,GMT+1,Al Aaroui,35.0104,-3.0073,Morocco,46540,46540,Warm,No Rain,Windy,False,10
2026-09-19,26.1,20.5,0.0,18,29.4,51.5,45,GMT+1,Al Aaroui,35.0104,-3.0073,Morocco,46540,46540,Warm,No Rain,Windy,False,10
2026-09-20,26.9,20.6,0.0,10,29.6,54.4,3,GMT+1,Al Aaroui,35.0104,-3.0073,Morocco,46540,46540,Warm,No Rain,Windy,False,10
2026-09-21,26.6,20.7,0.0,8,25.7,46.4,3,GMT+1,Al Aaroui,35.0104,-3.0073,Morocco,46540,46540,Warm,No Rain,Windy,False,10
2026-09-15,33.6,19.7,0.0,0,20.3,40.7,3,GMT+1,Mrirt,33.1654,-5.5634,Morocco,46285,46285,Hot,No Rain,Windy,False,20
2026-09-16,30.0,14.7,0.0,0,18.5,37.1,3,GMT+1,Mrirt,33.1654,-5.5634,Morocco,46285,46285,Warm,No Rain,Breeze,False,10
2026-09-17,30.3,15.2,0.0,24,19.1,42.5,3,GMT+1,Mrirt,33.1654,-5.5634,Morocco,46285,46285,Hot,No Rain,Breeze,False,20
2026-09-18,28.8,14.0,0.0,13,17.4,35.3,3,GMT+1,Mrirt,33.1654,-5.5634,Morocco,46285,46285,Warm,No Rain,Breeze,False,10
2026-09-19,32.1,15.3,0.0,8,16.2,38.9,2,GMT+1,Mrirt,33.1654,-5.5634,Morocco,46285,46285,Hot,No Rain,Breeze,False,20
2026-09-20,33.3,19.1,0.0,9,19.9,38.2,3,GMT+1,Mrirt,33.1654,-5.5634,Morocco,46285,46285,Hot,No Rain,Breeze,False,20
2026-09-21,32.8,18.0,0.0,10,23.1,43.9,2,GMT+1,Mrirt,33.1654,-5.5634,Morocco,46285,46285,Hot,No Rain,Windy,False,20
2026-09-15,32.1,20.8,0.7,38,42.1,66.6,61,GMT+1,Tineghir,31.5147,-5.5328,Morocco,44239,44239,Hot,Light Rain,Gale,True,20
2026-09-16,31.4,18.3,0.0,5,32.6,51.5,2,GMT+1,Tineghir,31.5147,-5.5328,Morocco,44239,44239,Hot,No Rain,Strong Wind,False,40
2026-09-17,29.4,19.1,0.7,43,14.9,31.3,80,GMT+1,Tineghir,31.5147,-5.5328,Morocco,44239,44239,Warm,Light Rain,Breeze,True,10
2026-09-18,30.7,18.5,0.0,40,19.1,29.2,3,GMT+1,Tineghir,31.5147,-5.5328,Morocco,44239,44239,Hot,No Rain,Breeze,False,20
2026-09-19,29.8,20.8,0.0,30,16.6,25.2,3,GMT+1,Tineghir,31.5147,-5.5328,Morocco,44239,44239,Warm,No Rain,Breeze,False,10
2026-09-20,31.6,20.4,0.6,12,17.1,32.4,3,GMT+1,Tineghir,31.5147,-5.5328,Morocco,44239,44239,Hot,Light Rain,Breeze,True,20
2026-09-21,29.1,20.4,0.6,14,15.5,45.4,80,GMT+1,Tineghir,31.5147,-5.5328,Morocco,44239,44239,Warm,Light Rain,Breeze,True,10
2026-09-15,26.3,21.0,0.0,0,15.1,26.3,45,GMT+1,Bouknadel,34.1766,-6.6893,Morocco,43598,43598,Warm,No Rain,Breeze,False,10
2026-09-16,25.4,20.8,0.0,0,18.5,32.0,2,GMT+1,Bouknadel,34.1766,-6.6893,Morocco,43598,43598,Warm,No Rain,Breeze,False,10
2026-09-17,25.2,19.2,0.0,0,13.0,23.4,3,GMT+1,Bouknadel,34.1766,-6.6893,Morocco,43598,43598,Warm,No Rain,Breeze,False,10
2026-09-18,25.5,17.6,0.0,5,14.1,25.6,3,GMT+1,Bouknadel,34.1766,-6.6893,Morocco,43598,43598,Warm,No Rain,Breeze,False,10
2026-09-19,29.8,17.8,0.0,0,16.9,28.8,45,GMT+1,Bouknadel,34.1766,-6.6893,Morocco,43598,43598,Warm,No Rain,Breeze,False,10
2026-09-20,36.6,22.3,0.0,0,17.3,40.3,1,GMT+1,Bouknadel,34.1766,-6.6893,Morocco,43598,43598,Very Hot,No Rain,Breeze,False,20
2026-09-21,33.0,22.0,0.0,0,14.3,33.1,0,GMT+1,Bouknadel,34.1766,-6.6893,Morocco,43598,43598,Hot,No Rain,Breeze,False,20
2026-09-15,33.3,24.4,0.0,0,25.4,43.9,2,GMT+1,Cabo Bojador,26.1269,-14.4992,Morocco,42651,42651,Hot,No Rain,Windy,False,20
2026-09-16,28.9,21.9,0.0,0,26.8,48.6,0,GMT+1,Cabo Bojador,26.1269,-14.4992,Morocco,42651,42651,Warm,No Rain,Windy,False,10
2026-09-17,25.5,20.7,0.0,0,32.8,58.3,3,GMT+1,Cabo Bojador,26.1269,-14.4992,Morocco,42651,42651,Warm,No Rain,Strong Wind,False,30
2026-09-18,24.9,20.2,0.0,0,25.1,47.2,3,GMT+1,Cabo Bojador,26.1269,-14.4992,Morocco,42651,42651,Warm,No Rain,Windy,False,10
2026-09-19,25.3,19.2,0.0,0,20.9,41.4,1,GMT+1,Cabo Bojador,26.1269,-14.4992,Morocco,42651,42651,Warm,No Rain,Windy,False,10
2026-09-20,26.2,19.2,0.0,0,27.9,51.1,1,GMT+1,Cabo Bojador,26.1269,-14.4992,Morocco,42651,42651,Warm,No Rain,Windy,False,10
2026-09-21,26.9,20.1,0.0,8,25.9,46.8,1,GMT+1,Cabo Bojador,26.1269,-14.4992,Morocco,42651,42651,Warm,No Rain,Windy,False,10
2026-09-15,36.9,26.2,0.0,5,23.1,38.5,3,GMT+1,Zagora,30.3316,-5.8376,Morocco,42294,42294,Very Hot,No Rain,Windy,False,20
2026-09-16,37.2,23.3,0.0,3,11.0,20.2,2,GMT+1,Zagora,30.3316,-5.8376,Morocco,42294,42294,Very Hot,No Rain,Breeze,False,20
2026-09-17,34.0,26.3,0.4,13,15.8,42.5,3,GMT+1,Zagora,30.3316,-5.8376,Morocco,42294,42294,Hot,Light Rain,Breeze,True,20
2026-09-18,35.1,22.9,0.0,16,8.9,17.6,3,GMT+1,Zagora,30.3316,-5.8376,Morocco,42294,42294,Very Hot,No Rain,Calm,False,20
2026-09-19,35.5,25.1,0.0,18,14.8,27.0,2,GMT+1,Zagora,30.3316,-5.8376,Morocco,42294,42294,Very Hot,No Rain,Breeze,False,20
2026-09-20,36.3,26.2,0.0,4,18.3,31.3,3,GMT+1,Zagora,30.3316,-5.8376,Morocco,42294,42294,Very Hot,No Rain,Breeze,False,20
2026-09-21,35.6,25.7,0.3,3,16.9,28.4,3,GMT+1,Zagora,30.3316,-5.8376,Morocco,42294,42294,Very Hot,Light Rain,Breeze,True,20
2026-09-15,28.8,21.1,0.0,0,17.9,32.8,45,GMT+1,Azemmour,33.2833,-8.3333,Morocco,42098,42098,Warm,No Rain,Breeze,False,10
2026-09-16,26.3,20.1,0.0,0,18.8,34.2,45,GMT+1,Azemmour,33.2833,-8.3333,Morocco,42098,42098,Warm,No Rain,Breeze,False,10
2026-09-17,26.5,19.0,0.0,0,15.0,27.7,3,GMT+1,Azemmour,33.2833,-8.3333,Morocco,42098,42098,Warm,No Rain,Breeze,False,10
2026-09-18,26.4,19.6,0.0,0,18.7,35.3,45,GMT+1,Azemmour,33.2833,-8.3333,Morocco,42098,42098,Warm,No Rain,Breeze,False,10
2026-09-19,27.4,19.7,0.0,0,19.2,34.9,2,GMT+1,Azemmour,33.2833,-8.3333,Morocco,42098,42098,Warm,No Rain,Breeze,False,10
2026-09-20,28.7,20.8,0.0,0,15.5,30.2,2,GMT+1,Azemmour,33.2833,-8.3333,Morocco,42098,42098,Warm,No Rain,Breeze,False,10
2026-09-21,27.5,20.3,0.0,0,16.8,33.1,45,GMT+1,Azemmour,33.2833,-8.3333,Morocco,42098,42098,Warm,No Rain,Breeze,False,10
2026-09-15,32.1,21.6,0.0,0,20.9,43.2,1,GMT+1,El Hajeb,33.6928,-5.3711,Morocco,41359,41359,Hot,No Rain,Windy,False,20
2026-09-16,28.5,17.9,0.0,0,19.2,40.3,2,GMT+1,El Hajeb,33.6928,-5.3711,Morocco,41359,41359,Warm,No Rain,Breeze,False,10
2026-09-17,25.9,16.0,0.0,11,17.6,38.2,3,GMT+1,El Hajeb,33.6928,-5.3711,Morocco,41359,41359,Warm,No Rain,Breeze,False,10
2026-09-18,27.3,15.6,0.0,23,15.2,31.0,3,GMT+1,El Hajeb,33.6928,-5.3711,Morocco,41359,41359,Warm,No Rain,Breeze,False,10
2026-09-19,30.3,17.5,0.0,10,19.3,41.8,2,GMT+1,El Hajeb,33.6928,-5.3711,Morocco,41359,41359,Hot,No Rain,Breeze,False,20
2026-09-20,32.1,21.7,0.0,9,18.8,40.0,2,GMT+1,El Hajeb,33.6928,-5.3711,Morocco,41359,41359,Hot,No Rain,Breeze,False,20
2026-09-21,31.2,19.0,0.0,10,17.4,33.1,0,GMT+1,El Hajeb,33.6928,-5.3711,Morocco,41359,41359,Hot,No Rain,Breeze,False,20
2026-09-15,30.7,19.2,0.0,0,18.6,34.9,3,GMT+1,Jerada,34.31,-2.16,Morocco,41014,41014,Hot,No Rain,Breeze,False,20
2026-09-16,29.1,18.0,0.0,0,23.5,44.3,0,GMT+1,Jerada,34.31,-2.16,Morocco,41014,41014,Warm,No Rain,Windy,False,10
2026-09-17,28.8,17.2,0.1,15,19.9,45.7,3,GMT+1,Jerada,34.31,-2.16,Morocco,41014,41014,Warm,Light Rain,Breeze,True,10
2026-09-18,25.8,17.0,0.0,20,18.4,41.8,3,GMT+1,Jerada,34.31,-2.16,Morocco,41014,41014,Warm,No Rain,Breeze,False,10
2026-09-19,26.9,15.7,0.0,25,20.6,63.4,2,GMT+1,Jerada,34.31,-2.16,Morocco,41014,41014,Warm,No Rain,Windy,False,10
2026-09-20,27.5,17.9,0.3,14,20.0,33.1,2,GMT+1,Jerada,34.31,-2.16,Morocco,41014,41014,Warm,Light Rain,Breeze,True,10
2026-09-21,25.4,17.6,0.6,15,16.1,31.3,3,GMT+1,Jerada,34.31,-2.16,Morocco,41014,41014,Warm,Light Rain,Breeze,True,10
2026-09-15,32.0,16.8,0.0,0,14.0,24.1,3,GMT+1,El Aïoun,34.5726,-2.5127,Morocco,40652,40652,Hot,No Rain,Breeze,False,20
2026-09-16,32.1,15.7,0.0,0,22.5,38.5,0,GMT+1,El Aïoun,34.5726,-2.5127,Morocco,40652,40652,Hot,No Rain,Windy,False,20
2026-09-17,29.6,16.2,0.1,8,18.8,31.3,3,GMT+1,El Aïoun,34.5726,-2.5127,Morocco,40652,40652,Warm,Light Rain,Breeze,True,10
2026-09-18,28.1,18.2,0.0,13,18.1,33.1,45,GMT+1,El Aïoun,34.5726,-2.5127,Morocco,40652,40652,Warm,No Rain,Breeze,False,10
2026-09-19,29.3,17.2,0.0,15,23.5,41.4,2,GMT+1,El Aïoun,34.5726,-2.5127,Morocco,40652,40652,Warm,No Rain,Windy,False,10
2026-09-20,28.9,17.9,0.0,8,21.7,39.2,2,GMT+1,El Aïoun,34.5726,-2.5127,Morocco,40652,40652,Warm,No Rain,Windy,False,10
2026-09-21,29.5,18.5,0.0,8,20.9,36.0,3,GMT+1,El Aïoun,34.5726,-2.5127,Morocco,40652,40652,Warm,No Rain,Windy,False,10
2026-09-15,36.6,25.5,0.0,8,18.0,32.8,3,GMT+1,Tameslouht,31.5,-8.1,Morocco,40283,40283,Very Hot,No Rain,Breeze,False,20
2026-09-16,34.0,21.4,0.0,0,18.8,31.3,1,GMT+1,Tameslouht,31.5,-8.1,Morocco,40283,40283,Hot,No Rain,Breeze,False,20
2026-09-17,29.6,18.2,0.0,0,13.3,22.7,2,GMT+1,Tameslouht,31.5,-8.1,Morocco,40283,40283,Warm,No Rain,Breeze,False,10
2026-09-18,31.1,18.7,0.0,8,11.2,20.9,2,GMT+1,Tameslouht,31.5,-8.1,Morocco,40283,40283,Hot,No Rain,Breeze,False,20
2026-09-19,35.6,20.7,0.0,2,11.3,20.5,2,GMT+1,Tameslouht,31.5,-8.1,Morocco,40283,40283,Very Hot,No Rain,Breeze,False,20
2026-09-20,38.2,23.5,0.0,3,14.5,40.3,3,GMT+1,Tameslouht,31.5,-8.1,Morocco,40283,40283,Very Hot,No Rain,Breeze,False,20
2026-09-21,33.5,23.9,0.3,5,17.9,32.0,2,GMT+1,Tameslouht,31.5,-8.1,Morocco,40283,40283,Hot,Light Rain,Breeze,True,20
2026-09-15,31.8,20.8,0.0,0,18.6,33.8,45,GMT+1,Sidi Yahia El Gharb,34.3058,-6.3058,Morocco,39946,39946,Hot,No Rain,Breeze,False,20
2026-09-16,28.5,20.4,0.0,0,21.6,38.9,3,GMT+1,Sidi Yahia El Gharb,34.3058,-6.3058,Morocco,39946,39946,Warm,No Rain,Windy,False,10
2026-09-17,28.0,18.3,0.0,0,16.3,30.2,3,GMT+1,Sidi Yahia El Gharb,34.3058,-6.3058,Morocco,39946,39946,Warm,No Rain,Breeze,False,10
2026-09-18,29.5,15.8,0.0,5,18.0,33.1,45,GMT+1,Sidi Yahia El Gharb,34.3058,-6.3058,Morocco,39946,39946,Warm,No Rain,Breeze,False,10
2026-09-19,36.3,16.9,0.0,2,15.3,26.6,45,GMT+1,Sidi Yahia El Gharb,34.3058,-6.3058,Morocco,39946,39946,Very Hot,No Rain,Breeze,False,20
2026-09-20,38.1,22.8,0.0,3,23.1,45.0,1,GMT+1,Sidi Yahia El Gharb,34.3058,-6.3058,Morocco,39946,39946,Very Hot,No Rain,Windy,False,20
2026-09-21,37.1,23.2,0.0,0,18.8,34.9,0,GMT+1,Sidi Yahia El Gharb,34.3058,-6.3058,Morocco,39946,39946,Very Hot,No Rain,Breeze,False,20
2026-09-15,38.1,25.2,0.0,5,23.7,38.9,3,GMT+1,Chichaoua,31.5333,-8.7667,Morocco,38452,38452,Very Hot,No Rain,Windy,False,20
2026-09-16,34.7,22.0,0.0,0,23.1,37.4,0,GMT+1,Chichaoua,31.5333,-8.7667,Morocco,38452,38452,Hot,No Rain,Windy,False,20
2026-09-17,30.0,18.2,0.0,0,21.0,33.1,3,GMT+1,Chichaoua,31.5333,-8.7667,Morocco,38452,38452,Warm,No Rain,Windy,False,10
2026-09-18,31.6,18.4,0.0,5,17.1,28.1,1,GMT+1,Chichaoua,31.5333,-8.7667,Morocco,38452,38452,Hot,No Rain,Breeze,False,20
2026-09-19,35.2,19.4,0.0,3,18.6,31.7,2,GMT+1,Chichaoua,31.5333,-8.7667,Morocco,38452,38452,Very Hot,No Rain,Breeze,False,20
2026-09-20,36.3,23.6,0.0,3,23.3,38.5,3,GMT+1,Chichaoua,31.5333,-8.7667,Morocco,38452,38452,Very Hot,No Rain,Windy,False,20
2026-09-21,34.5,23.4,0.0,5,18.1,30.6,2,GMT+1,Chichaoua,31.5333,-8.7667,Morocco,38452,38452,Hot,No Rain,Breeze,False,20
2026-09-15,36.4,24.7,0.0,5,22.1,40.7,3,GMT+1,Al ’Attawia,31.83,-7.31,Morocco,38405,38405,Very Hot,No Rain,Windy,False,20
2026-09-16,32.8,19.1,0.0,0,17.0,31.3,0,GMT+1,Al ’Attawia,31.83,-7.31,Morocco,38405,38405,Hot,No Rain,Breeze,False,20
2026-09-17,29.1,17.2,0.0,5,13.9,26.3,45,GMT+1,Al ’Attawia,31.83,-7.31,Morocco,38405,38405,Warm,No Rain,Breeze,False,10
2026-09-18,30.2,17.6,0.0,10,13.0,25.2,3,GMT+1,Al ’Attawia,31.83,-7.31,Morocco,38405,38405,Hot,No Rain,Breeze,False,20
2026-09-19,34.8,19.4,0.0,8,14.9,27.0,3,GMT+1,Al ’Attawia,31.83,-7.31,Morocco,38405,38405,Hot,No Rain,Breeze,False,20
2026-09-20,37.0,22.3,0.3,2,11.7,24.5,3,GMT+1,Al ’Attawia,31.83,-7.31,Morocco,38405,38405,Very Hot,Light Rain,Breeze,True,20
2026-09-21,35.0,20.2,0.9,8,9.7,20.9,3,GMT+1,Al ’Attawia,31.83,-7.31,Morocco,38405,38405,Hot,Light Rain,Calm,True,20
2026-09-15,32.5,22.5,0.0,8,21.8,38.2,3,GMT+1,Tabount,30.9014,-6.9217,Morocco,37465,37465,Hot,No Rain,Windy,False,20
2026-09-16,33.5,19.3,0.0,3,23.7,37.8,1,GMT+1,Tabount,30.9014,-6.9217,Morocco,37465,37465,Hot,No Rain,Windy,False,20
2026-09-17,32.5,20.2,0.8,25,18.5,30.6,80,GMT+1,Tabount,30.9014,-6.9217,Morocco,37465,37465,Hot,Light Rain,Breeze,True,20
2026-09-18,31.9,19.0,0.0,23,19.4,32.8,2,GMT+1,Tabount,30.9014,-6.9217,Morocco,37465,37465,Hot,No Rain,Breeze,False,20
2026-09-19,32.7,20.9,0.0,18,9.6,17.3,2,GMT+1,Tabount,30.9014,-6.9217,Morocco,37465,37465,Hot,No Rain,Calm,False,20
2026-09-20,33.7,22.8,0.0,9,25.0,46.4,3,GMT+1,Tabount,30.9014,-6.9217,Morocco,37465,37465,Hot,No Rain,Windy,False,20
2026-09-21,31.3,20.4,0.6,5,17.7,34.6,80,GMT+1,Tabount,30.9014,-6.9217,Morocco,37465,37465,Hot,Light Rain,Breeze,True,20
2026-09-15,30.0,18.6,0.0,0,10.3,23.4,3,GMT+1,Zaïo,34.9396,-2.7334,Morocco,36766,36766,Warm,No Rain,Breeze,False,10
2026-09-16,33.2,19.8,0.0,0,14.7,28.4,2,GMT+1,Zaïo,34.9396,-2.7334,Morocco,36766,36766,Hot,No Rain,Breeze,False,20
2026-09-17,27.1,19.6,0.0,1,17.1,32.4,3,GMT+1,Zaïo,34.9396,-2.7334,Morocco,36766,36766,Warm,No Rain,Breeze,False,10
2026-09-18,27.4,20.2,0.0,6,15.5,31.3,45,GMT+1,Zaïo,34.9396,-2.7334,Morocco,36766,36766,Warm,No Rain,Breeze,False,10
2026-09-19,27.6,19.7,0.0,10,27.1,57.2,45,GMT+1,Zaïo,34.9396,-2.7334,Morocco,36766,36766,Warm,No Rain,Windy,False,10
2026-09-20,26.9,20.1,0.0,8,30.4,55.1,45,GMT+1,Zaïo,34.9396,-2.7334,Morocco,36766,36766,Warm,No Rain,Strong Wind,False,30
2026-09-21,27.1,20.9,0.0,5,23.6,42.5,3,GMT+1,Zaïo,34.9396,-2.7334,Morocco,36766,36766,Warm,No Rain,Windy,False,10
2026-09-15,32.6,19.4,0.0,0,21.9,43.2,3,GMT+1,Aguelmous,33.1324,-5.8366,Morocco,36560,36560,Hot,No Rain,Windy,False,20
2026-09-16,29.1,16.4,0.0,0,17.3,34.6,1,GMT+1,Aguelmous,33.1324,-5.8366,Morocco,36560,36560,Warm,No Rain,Breeze,False,10
2026-09-17,29.0,15.9,0.0,10,19.1,37.4,3,GMT+1,Aguelmous,33.1324,-5.8366,Morocco,36560,36560,Warm,No Rain,Breeze,False,10
2026-09-18,29.1,14.9,0.0,20,16.0,34.6,3,GMT+1,Aguelmous,33.1324,-5.8366,Morocco,36560,36560,Warm,No Rain,Breeze,False,10
2026-09-19,31.8,17.2,0.0,8,18.0,35.3,3,GMT+1,Aguelmous,33.1324,-5.8366,Morocco,36560,36560,Hot,No Rain,Breeze,False,20
2026-09-20,32.4,19.6,0.0,5,19.5,38.5,3,GMT+1,Aguelmous,33.1324,-5.8366,Morocco,36560,36560,Hot,No Rain,Breeze,False,20
2026-09-21,32.4,20.1,0.0,5,24.3,47.9,2,GMT+1,Aguelmous,33.1324,-5.8366,Morocco,36560,36560,Hot,No Rain,Windy,False,20
2026-09-15,31.8,21.3,0.0,0,18.9,34.6,0,GMT+1,Asilah,35.4667,-6.0333,Morocco,36039,36039,Hot,No Rain,Breeze,False,20
2026-09-16,24.9,19.6,0.0,0,19.2,35.3,3,GMT+1,Asilah,35.4667,-6.0333,Morocco,36039,36039,Warm,No Rain,Breeze,False,10
2026-09-17,24.4,18.8,0.0,1,14.5,27.7,3,GMT+1,Asilah,35.4667,-6.0333,Morocco,36039,36039,Warm,No Rain,Breeze,False,10
2026-09-18,26.6,16.9,0.0,5,23.2,40.3,45,GMT+1,Asilah,35.4667,-6.0333,Morocco,36039,36039,Warm,No Rain,Windy,False,10
2026-09-19,29.4,22.1,0.0,0,37.0,68.4,1,GMT+1,Asilah,35.4667,-6.0333,Morocco,36039,36039,Warm,No Rain,Strong Wind,False,30
2026-09-20,33.7,23.4,0.0,2,27.7,52.6,0,GMT+1,Asilah,35.4667,-6.0333,Morocco,36039,36039,Hot,No Rain,Windy,False,20
2026-09-21,33.8,24.4,0.0,0,23.0,44.3,2,GMT+1,Asilah,35.4667,-6.0333,Morocco,36039,36039,Hot,No Rain,Windy,False,20
2026-09-15,27.1,19.8,0.0,0,11.9,21.6,45,GMT+1,Imzouren,35.1464,-3.8506,Morocco,34848,34848,Warm,No Rain,Breeze,False,10
2026-09-16,29.9,20.9,0.0,0,12.3,25.6,3,GMT+1,Imzouren,35.1464,-3.8506,Morocco,34848,34848,Warm,No Rain,Breeze,False,10
2026-09-17,26.0,19.3,0.0,5,17.1,31.0,45,GMT+1,Imzouren,35.1464,-3.8506,Morocco,34848,34848,Warm,No Rain,Breeze,False,10
2026-09-18,26.3,18.6,0.0,10,15.5,30.6,45,GMT+1,Imzouren,35.1464,-3.8506,Morocco,34848,34848,Warm,No Rain,Breeze,False,10
2026-09-19,29.3,18.7,0.0,10,24.2,44.3,2,GMT+1,Imzouren,35.1464,-3.8506,Morocco,34848,34848,Warm,No Rain,Windy,False,10
2026-09-20,28.9,21.0,0.0,4,22.2,45.7,1,GMT+1,Imzouren,35.1464,-3.8506,Morocco,34848,34848,Warm,No Rain,Windy,False,10
2026-09-21,28.1,21.9,0.0,3,18.7,36.0,3,GMT+1,Imzouren,35.1464,-3.8506,Morocco,34848,34848,Warm,No Rain,Breeze,False,10
2026-09-15,33.6,20.8,0.0,0,18.5,32.8,45,GMT+1,Mediouna,33.4556,-7.5208,Morocco,34510,34510,Hot,No Rain,Breeze,False,20
2026-09-16,28.0,19.3,0.0,0,18.0,33.1,45,GMT+1,Mediouna,33.4556,-7.5208,Morocco,34510,34510,Warm,No Rain,Breeze,False,10
2026-09-17,27.6,18.7,0.0,0,16.6,30.6,3,GMT+1,Mediouna,33.4556,-7.5208,Morocco,34510,34510,Warm,No Rain,Breeze,False,10
2026-09-18,28.9,16.6,0.0,3,17.8,32.8,45,GMT+1,Mediouna,33.4556,-7.5208,Morocco,34510,34510,Warm,No Rain,Breeze,False,10
2026-09-19,31.3,17.4,0.0,0,15.8,29.5,45,GMT+1,Mediouna,33.4556,-7.5208,Morocco,34510,34510,Hot,No Rain,Breeze,False,20
2026-09-20,30.7,20.8,0.0,0,11.6,29.9,2,GMT+1,Mediouna,33.4556,-7.5208,Morocco,34510,34510,Hot,No Rain,Breeze,False,20
2026-09-21,29.3,20.5,0.0,0,13.6,36.0,2,GMT+1,Mediouna,33.4556,-7.5208,Morocco,34510,34510,Warm,No Rain,Breeze,False,10
2026-09-15,33.5,22.0,0.0,8,20.8,44.3,3,GMT+1,Demnat,31.7311,-7.0361,Morocco,33635,33635,Hot,No Rain,Windy,False,20
2026-09-16,29.8,17.5,0.0,0,17.8,33.8,0,GMT+1,Demnat,31.7311,-7.0361,Morocco,33635,33635,Warm,No Rain,Breeze,False,10
2026-09-17,26.4,15.6,0.0,13,14.4,28.4,45,GMT+1,Demnat,31.7311,-7.0361,Morocco,33635,33635,Warm,No Rain,Breeze,False,10
2026-09-18,27.6,15.4,0.0,15,12.7,25.6,3,GMT+1,Demnat,31.7311,-7.0361,Morocco,33635,33635,Warm,No Rain,Breeze,False,10
2026-09-19,32.1,18.5,0.0,10,14.1,28.4,3,GMT+1,Demnat,31.7311,-7.0361,Morocco,33635,33635,Hot,No Rain,Breeze,False,20
2026-09-20,34.1,22.1,0.3,5,15.0,28.4,80,GMT+1,Demnat,31.7311,-7.0361,Morocco,33635,33635,Hot,Light Rain,Breeze,True,20
2026-09-21,32.4,19.9,0.6,7,12.7,24.1,3,GMT+1,Demnat,31.7311,-7.0361,Morocco,33635,33635,Hot,Light Rain,Breeze,True,20
2026-09-15,34.0,22.3,0.0,0,19.3,38.9,2,GMT+1,Aïn Taoujdat,33.9333,-5.2167,Morocco,33055,33055,Hot,No Rain,Breeze,False,20
2026-09-16,30.8,20.3,0.0,0,19.2,40.7,1,GMT+1,Aïn Taoujdat,33.9333,-5.2167,Morocco,33055,33055,Hot,No Rain,Breeze,False,20
2026-09-17,28.3,18.2,0.0,5,14.4,28.4,3,GMT+1,Aïn Taoujdat,33.9333,-5.2167,Morocco,33055,33055,Warm,No Rain,Breeze,False,10
2026-09-18,30.2,17.0,0.0,13,12.8,24.8,3,GMT+1,Aïn Taoujdat,33.9333,-5.2167,Morocco,33055,33055,Hot,No Rain,Breeze,False,20
2026-09-19,33.3,18.9,0.0,5,16.8,32.0,1,GMT+1,Aïn Taoujdat,33.9333,-5.2167,Morocco,33055,33055,Hot,No Rain,Breeze,False,20
2026-09-20,34.8,20.5,0.0,1,22.9,41.8,2,GMT+1,Aïn Taoujdat,33.9333,-5.2167,Morocco,33055,33055,Hot,No Rain,Windy,False,20
2026-09-21,34.2,19.8,0.0,0,13.7,24.8,0,GMT+1,Aïn Taoujdat,33.9333,-5.2167,Morocco,33055,33055,Hot,No Rain,Breeze,False,20
2026-09-15,35.4,21.5,0.0,0,23.6,41.0,3,GMT+1,Sidi Smai’il,32.8167,-8.5,Morocco,32694,32694,Very Hot,No Rain,Windy,False,20
2026-09-16,28.7,19.4,0.0,0,20.9,36.4,2,GMT+1,Sidi Smai’il,32.8167,-8.5,Morocco,32694,32694,Warm,No Rain,Windy,False,10
2026-09-17,27.8,18.4,0.0,0,17.9,31.0,3,GMT+1,Sidi Smai’il,32.8167,-8.5,Morocco,32694,32694,Warm,No Rain,Breeze,False,10
2026-09-18,29.5,18.4,0.0,0,21.2,37.8,45,GMT+1,Sidi Smai’il,32.8167,-8.5,Morocco,32694,32694,Warm,No Rain,Windy,False,10
2026-09-19,32.2,17.6,0.0,0,16.9,30.6,2,GMT+1,Sidi Smai’il,32.8167,-8.5,Morocco,32694,32694,Hot,No Rain,Breeze,False,20
2026-09-20,35.2,21.0,0.0,0,19.0,34.6,2,GMT+1,Sidi Smai’il,32.8167,-8.5,Morocco,32694,32694,Very Hot,No Rain,Breeze,False,20
2026-09-21,30.1,19.5,0.0,3,17.4,31.7,45,GMT+1,Sidi Smai’il,32.8167,-8.5,Morocco,32694,32694,Hot,No Rain,Breeze,False,20
2026-09-15,27.5,19.4,0.0,0,25.7,43.2,45,GMT+1,Moulay Bousselham,34.8786,-6.2933,Morocco,32643,32643,Warm,No Rain,Windy,False,10
2026-09-16,25.6,19.4,0.0,0,17.0,28.1,45,GMT+1,Moulay Bousselham,34.8786,-6.2933,Morocco,32643,32643,Warm,No Rain,Breeze,False,10
2026-09-17,25.1,18.7,0.0,0,17.6,29.2,3,GMT+1,Moulay Bousselham,34.8786,-6.2933,Morocco,32643,32643,Warm,No Rain,Breeze,False,10
2026-09-18,25.8,17.7,0.0,5,18.7,31.3,45,GMT+1,Moulay Bousselham,34.8786,-6.2933,Morocco,32643,32643,Warm,No Rain,Breeze,False,10
2026-09-19,30.7,18.2,0.0,5,15.3,27.0,1,GMT+1,Moulay Bousselham,34.8786,-6.2933,Morocco,32643,32643,Hot,No Rain,Breeze,False,20
2026-09-20,37.3,19.8,0.0,1,13.0,25.2,1,GMT+1,Moulay Bousselham,34.8786,-6.2933,Morocco,32643,32643,Very Hot,No Rain,Breeze,False,20
2026-09-21,34.0,19.5,0.0,0,18.9,33.8,1,GMT+1,Moulay Bousselham,34.8786,-6.2933,Morocco,32643,32643,Hot,No Rain,Breeze,False,20
2026-09-15,34.8,20.8,0.0,0,20.2,36.7,45,GMT+1,Mechraa Bel Ksiri,34.56,-5.95,Morocco,32615,32615,Hot,No Rain,Windy,False,20
2026-09-16,30.0,19.6,0.0,0,19.9,37.1,2,GMT+1,Mechraa Bel Ksiri,34.56,-5.95,Morocco,32615,32615,Warm,No Rain,Breeze,False,10
2026-09-17,29.7,18.8,0.0,0,17.8,33.1,3,GMT+1,Mechraa Bel Ksiri,34.56,-5.95,Morocco,32615,32615,Warm,No Rain,Breeze,False,10
2026-09-18,31.9,16.0,0.0,8,15.8,33.5,45,GMT+1,Mechraa Bel Ksiri,34.56,-5.95,Morocco,32615,32615,Hot,No Rain,Breeze,False,20
2026-09-19,36.6,18.3,0.0,2,18.4,32.4,45,GMT+1,Mechraa Bel Ksiri,34.56,-5.95,Morocco,32615,32615,Very Hot,No Rain,Breeze,False,20
2026-09-20,38.3,24.1,0.0,3,24.6,47.5,0,GMT+1,Mechraa Bel Ksiri,34.56,-5.95,Morocco,32615,32615,Very Hot,No Rain,Windy,False,20
2026-09-21,37.0,23.9,0.0,0,20.9,39.6,1,GMT+1,Mechraa Bel Ksiri,34.56,-5.95,Morocco,32615,32615,Very Hot,No Rain,Windy,False,20
2026-09-15,35.9,22.4,0.0,0,19.6,37.8,0,GMT+1,Souk et Tnine Jorf el Mellah,34.4945,-5.5047,Morocco,31976,31976,Very Hot,No Rain,Breeze,False,20
2026-09-16,31.5,19.6,0.0,0,19.8,37.4,2,GMT+1,Souk et Tnine Jorf el Mellah,34.4945,-5.5047,Morocco,31976,31976,Hot,No Rain,Breeze,False,20
2026-09-17,30.7,19.4,0.0,1,15.7,28.4,3,GMT+1,Souk et Tnine Jorf el Mellah,34.4945,-5.5047,Morocco,31976,31976,Hot,No Rain,Breeze,False,20
2026-09-18,32.3,16.9,0.0,5,14.3,27.0,45,GMT+1,Souk et Tnine Jorf el Mellah,34.4945,-5.5047,Morocco,31976,31976,Hot,No Rain,Breeze,False,20
2026-09-19,36.4,20.3,0.0,3,24.7,46.8,1,GMT+1,Souk et Tnine Jorf el Mellah,34.4945,-5.5047,Morocco,31976,31976,Very Hot,No Rain,Windy,False,20
2026-09-20,37.6,24.4,0.0,0,25.8,48.2,0,GMT+1,Souk et Tnine Jorf el Mellah,34.4945,-5.5047,Morocco,31976,31976,Very Hot,No Rain,Windy,False,20
2026-09-21,36.5,24.0,0.0,0,20.2,37.8,1,GMT+1,Souk et Tnine Jorf el Mellah,34.4945,-5.5047,Morocco,31976,31976,Very Hot,No Rain,Windy,False,20
2026-09-15,28.3,19.7,0.0,0,12.1,24.1,45,GMT+1,Zeghanghane,35.1575,-3.0017,Morocco,31431,31431,Warm,No Rain,Breeze,False,10
2026-09-16,32.0,19.0,0.0,3,9.0,20.5,1,GMT+1,Zeghanghane,35.1575,-3.0017,Morocco,31431,31431,Hot,No Rain,Calm,False,20
2026-09-17,26.9,18.8,0.0,5,16.6,33.1,3,GMT+1,Zeghanghane,35.1575,-3.0017,Morocco,31431,31431,Warm,No Rain,Breeze,False,10
2026-09-18,26.0,21.1,0.3,8,17.9,34.9,3,GMT+1,Zeghanghane,35.1575,-3.0017,Morocco,31431,31431,Warm,Light Rain,Breeze,True,10
2026-09-19,25.8,21.5,0.0,15,26.7,54.0,2,GMT+1,Zeghanghane,35.1575,-3.0017,Morocco,31431,31431,Warm,No Rain,Windy,False,10
2026-09-20,26.1,22.0,0.0,13,27.4,50.0,2,GMT+1,Zeghanghane,35.1575,-3.0017,Morocco,31431,31431,Warm,No Rain,Windy,False,10
2026-09-21,26.0,22.2,0.0,5,24.0,44.6,3,GMT+1,Zeghanghane,35.1575,-3.0017,Morocco,31431,31431,Warm,No Rain,Windy,False,10
2026-09-15,39.5,25.4,0.0,13,20.9,36.4,3,GMT+1,Oulad Barhil,30.6408,-8.475,Morocco,30330,30330,Very Hot,No Rain,Windy,False,20
2026-09-16,36.3,22.1,0.0,3,26.2,47.5,1,GMT+1,Oulad Barhil,30.6408,-8.475,Morocco,30330,30330,Very Hot,No Rain,Windy,False,20
2026-09-17,29.7,18.1,0.0,3,30.5,53.6,3,GMT+1,Oulad Barhil,30.6408,-8.475,Morocco,30330,30330,Warm,No Rain,Strong Wind,False,30
2026-09-18,31.2,17.8,0.0,5,26.4,49.3,3,GMT+1,Oulad Barhil,30.6408,-8.475,Morocco,30330,30330,Hot,No Rain,Windy,False,20
2026-09-19,37.6,20.7,0.0,3,26.2,46.4,3,GMT+1,Oulad Barhil,30.6408,-8.475,Morocco,30330,30330,Very Hot,No Rain,Windy,False,20
2026-09-20,38.7,23.4,0.0,2,19.5,34.9,2,GMT+1,Oulad Barhil,30.6408,-8.475,Morocco,30330,30330,Very Hot,No Rain,Breeze,False,20
2026-09-21,36.3,21.3,0.0,0,25.4,45.7,1,GMT+1,Oulad Barhil,30.6408,-8.475,Morocco,30330,30330,Very Hot,No Rain,Windy,False,20
2026-09-15,29.7,20.8,0.0,0,17.3,33.1,45,GMT+1,Bir Jdid,33.3737,-8.0002,Morocco,30247,30247,Warm,No Rain,Breeze,False,10
2026-09-16,26.2,20.1,0.0,0,18.6,35.6,45,GMT+1,Bir Jdid,33.3737,-8.0002,Morocco,30247,30247,Warm,No Rain,Breeze,False,10
2026-09-17,26.4,18.5,0.0,0,17.3,33.1,3,GMT+1,Bir Jdid,33.3737,-8.0002,Morocco,30247,30247,Warm,No Rain,Breeze,False,10
2026-09-18,26.7,19.5,0.0,0,19.9,38.5,45,GMT+1,Bir Jdid,33.3737,-8.0002,Morocco,30247,30247,Warm,No Rain,Breeze,False,10
2026-09-19,28.2,18.9,0.0,0,18.3,35.3,45,GMT+1,Bir Jdid,33.3737,-8.0002,Morocco,30247,30247,Warm,No Rain,Breeze,False,10
2026-09-20,31.3,20.8,0.0,0,15.5,30.2,2,GMT+1,Bir Jdid,33.3737,-8.0002,Morocco,30247,30247,Hot,No Rain,Breeze,False,20
2026-09-21,29.5,20.0,0.0,0,19.2,36.7,45,GMT+1,Bir Jdid,33.3737,-8.0002,Morocco,30247,30247,Warm,No Rain,Breeze,False,10
2026-09-15,32.3,20.1,0.0,13,17.0,33.8,3,GMT+1,Bou Arfa,32.531,-1.9631,Morocco,30068,30068,Hot,No Rain,Breeze,False,20
2026-09-16,29.2,19.2,0.0,0,18.9,29.5,3,GMT+1,Bou Arfa,32.531,-1.9631,Morocco,30068,30068,Warm,No Rain,Breeze,False,10
2026-09-17,29.4,17.6,0.3,15,22.3,37.1,3,GMT+1,Bou Arfa,32.531,-1.9631,Morocco,30068,30068,Warm,Light Rain,Windy,True,10
2026-09-18,29.2,18.4,0.1,35,10.0,25.2,3,GMT+1,Bou Arfa,32.531,-1.9631,Morocco,30068,30068,Warm,Light Rain,Calm,True,10
2026-09-19,28.4,18.9,0.0,22,18.9,31.7,3,GMT+1,Bou Arfa,32.531,-1.9631,Morocco,30068,30068,Warm,No Rain,Breeze,False,10
2026-09-20,30.8,19.5,2.4,9,15.6,32.0,80,GMT+1,Bou Arfa,32.531,-1.9631,Morocco,30068,30068,Hot,Moderate Rain,Breeze,True,30
2026-09-21,22.2,19.0,9.7,8,12.4,29.5,95,GMT+1,Bou Arfa,32.531,-1.9631,Morocco,30068,30068,Warm,Heavy Rain,Breeze,True,30
2026-09-15,32.8,22.5,0.0,5,18.4,38.2,3,GMT+1,Tahannawt,31.3514,-7.9508,Morocco,29562,29562,Hot,No Rain,Breeze,False,20
2026-09-16,30.6,18.5,0.0,0,15.8,30.2,2,GMT+1,Tahannawt,31.3514,-7.9508,Morocco,29562,29562,Hot,No Rain,Breeze,False,20
2026-09-17,26.5,15.7,0.0,8,13.3,26.6,3,GMT+1,Tahannawt,31.3514,-7.9508,Morocco,29562,29562,Warm,No Rain,Breeze,False,10
2026-09-18,28.0,15.4,0.0,13,13.6,26.6,1,GMT+1,Tahannawt,31.3514,-7.9508,Morocco,29562,29562,Warm,No Rain,Breeze,False,10
2026-09-19,32.2,18.2,0.0,5,13.1,27.0,3,GMT+1,Tahannawt,31.3514,-7.9508,Morocco,29562,29562,Hot,No Rain,Breeze,False,20
2026-09-20,35.1,21.7,0.0,5,11.9,27.7,3,GMT+1,Tahannawt,31.3514,-7.9508,Morocco,29562,29562,Very Hot,No Rain,Breeze,False,20
2026-09-21,31.4,20.3,0.3,9,15.3,28.8,3,GMT+1,Tahannawt,31.3514,-7.9508,Morocco,29562,29562,Hot,Light Rain,Breeze,True,20
2026-09-15,36.8,25.8,0.0,10,32.7,83.2,3,GMT+1,Arfoud,31.4361,-4.2328,Morocco,28912,28912,Very Hot,No Rain,Strong Wind,False,40
2026-09-16,34.7,21.8,0.0,3,13.0,22.0,2,GMT+1,Arfoud,31.4361,-4.2328,Morocco,28912,28912,Hot,No Rain,Breeze,False,20
2026-09-17,32.7,23.4,0.3,17,23.6,38.5,80,GMT+1,Arfoud,31.4361,-4.2328,Morocco,28912,28912,Hot,Light Rain,Windy,True,20
2026-09-18,33.6,20.6,0.0,27,11.8,17.6,3,GMT+1,Arfoud,31.4361,-4.2328,Morocco,28912,28912,Hot,No Rain,Breeze,False,20
2026-09-19,33.6,23.0,0.0,30,21.0,33.1,3,GMT+1,Arfoud,31.4361,-4.2328,Morocco,28912,28912,Hot,No Rain,Windy,False,20
2026-09-20,35.4,24.0,0.0,10,16.5,25.6,3,GMT+1,Arfoud,31.4361,-4.2328,Morocco,28912,28912,Very Hot,No Rain,Breeze,False,20
2026-09-21,32.1,23.7,0.9,5,17.7,27.7,3,GMT+1,Arfoud,31.4361,-4.2328,Morocco,28912,28912,Hot,Light Rain,Breeze,True,20
2026-09-15,34.4,21.0,0.0,0,17.4,32.4,3,GMT+1,Tahla,34.05,-4.42,Morocco,28612,28612,Hot,No Rain,Breeze,False,20
2026-09-16,31.0,20.0,0.0,0,18.0,34.9,1,GMT+1,Tahla,34.05,-4.42,Morocco,28612,28612,Hot,No Rain,Breeze,False,20
2026-09-17,29.3,17.4,0.0,15,14.2,26.6,3,GMT+1,Tahla,34.05,-4.42,Morocco,28612,28612,Warm,No Rain,Breeze,False,10
2026-09-18,30.8,17.1,0.0,5,13.8,25.6,3,GMT+1,Tahla,34.05,-4.42,Morocco,28612,28612,Hot,No Rain,Breeze,False,20
2026-09-19,32.1,19.7,0.0,5,21.3,44.3,2,GMT+1,Tahla,34.05,-4.42,Morocco,28612,28612,Hot,No Rain,Windy,False,20
2026-09-20,33.2,22.0,0.0,1,19.9,36.4,1,GMT+1,Tahla,34.05,-4.42,Morocco,28612,28612,Hot,No Rain,Breeze,False,20
2026-09-21,32.4,22.2,0.0,3,20.0,35.3,0,GMT+1,Tahla,34.05,-4.42,Morocco,28612,28612,Hot,No Rain,Breeze,False,20
2026-09-15,35.8,20.6,0.0,10,22.0,34.9,3,GMT+1,Missour,33.05,-3.9908,Morocco,28408,28408,Very Hot,No Rain,Windy,False,20
2026-09-16,32.3,19.2,0.0,0,20.1,32.4,1,GMT+1,Missour,33.05,-3.9908,Morocco,28408,28408,Hot,No Rain,Windy,False,20
2026-09-17,30.6,17.5,0.5,25,22.4,34.6,80,GMT+1,Missour,33.05,-3.9908,Morocco,28408,28408,Hot,Light Rain,Windy,True,20
2026-09-18,29.5,16.5,0.0,17,27.5,46.1,3,GMT+1,Missour,33.05,-3.9908,Morocco,28408,28408,Warm,No Rain,Windy,False,10
2026-09-19,29.8,17.6,0.9,23,23.5,43.6,80,GMT+1,Missour,33.05,-3.9908,Morocco,28408,28408,Warm,Light Rain,Windy,True,10
2026-09-20,30.8,18.3,0.0,10,22.7,34.6,3,GMT+1,Missour,33.05,-3.9908,Morocco,28408,28408,Hot,No Rain,Windy,False,20
2026-09-21,30.0,18.5,1.2,8,27.0,41.8,3,GMT+1,Missour,33.05,-3.9908,Morocco,28408,28408,Warm,Light Rain,Windy,True,10
2026-09-15,38.2,24.8,0.0,5,23.2,38.5,3,GMT+1,Sidi Lmokhtar,31.57,-9.01,Morocco,27083,27083,Very Hot,No Rain,Windy,False,20
2026-09-16,34.3,21.7,0.0,0,23.9,41.4,1,GMT+1,Sidi Lmokhtar,31.57,-9.01,Morocco,27083,27083,Hot,No Rain,Windy,False,20
2026-09-17,29.6,17.7,0.0,0,23.4,39.2,3,GMT+1,Sidi Lmokhtar,31.57,-9.01,Morocco,27083,27083,Warm,No Rain,Windy,False,10
2026-09-18,31.1,17.8,0.0,3,15.6,27.7,1,GMT+1,Sidi Lmokhtar,31.57,-9.01,Morocco,27083,27083,Hot,No Rain,Breeze,False,20
2026-09-19,34.9,19.0,0.0,5,13.6,24.5,2,GMT+1,Sidi Lmokhtar,31.57,-9.01,Morocco,27083,27083,Hot,No Rain,Breeze,False,20
2026-09-20,34.8,23.3,0.0,3,25.0,43.9,2,GMT+1,Sidi Lmokhtar,31.57,-9.01,Morocco,27083,27083,Hot,No Rain,Windy,False,20
2026-09-21,32.8,20.9,0.0,3,22.2,36.4,2,GMT+1,Sidi Lmokhtar,31.57,-9.01,Morocco,27083,27083,Hot,No Rain,Windy,False,20
2026-09-15,33.6,21.8,0.0,0,18.4,40.7,2,GMT+1,Douar Toulal,33.8951,-5.6021,Morocco,26970,13852,Hot,No Rain,Breeze,False,20
2026-09-16,30.3,18.8,0.0,0,18.0,39.2,1,GMT+1,Douar Toulal,33.8951,-5.6021,Morocco,26970,13852,Hot,No Rain,Breeze,False,20
2026-09-17,28.2,17.6,0.0,3,14.7,33.1,45,GMT+1,Douar Toulal,33.8951,-5.6021,Morocco,26970,13852,Warm,No Rain,Breeze,False,10
2026-09-18,30.0,16.3,0.0,18,12.9,29.9,2,GMT+1,Douar Toulal,33.8951,-5.6021,Morocco,26970,13852,Warm,No Rain,Breeze,False,10
2026-09-19,34.1,18.5,0.0,5,12.7,28.4,1,GMT+1,Douar Toulal,33.8951,-5.6021,Morocco,26970,13852,Hot,No Rain,Breeze,False,20
2026-09-20,35.4,22.2,0.0,1,18.8,35.6,2,GMT+1,Douar Toulal,33.8951,-5.6021,Morocco,26970,13852,Very Hot,No Rain,Breeze,False,20
2026-09-21,34.8,20.7,0.0,0,13.7,25.9,0,GMT+1,Douar Toulal,33.8951,-5.6021,Morocco,26970,13852,Hot,No Rain,Breeze,False,20
2026-09-15,38.6,25.5,0.0,3,18.3,35.3,3,GMT+1,Oulad Yaïch,32.4167,-6.3333,Morocco,25785,25785,Very Hot,No Rain,Breeze,False,20
2026-09-16,34.7,21.4,0.0,0,12.7,23.0,0,GMT+1,Oulad Yaïch,32.4167,-6.3333,Morocco,25785,25785,Hot,No Rain,Breeze,False,20
2026-09-17,31.9,17.7,0.0,3,11.1,19.8,3,GMT+1,Oulad Yaïch,32.4167,-6.3333,Morocco,25785,25785,Hot,No Rain,Breeze,False,20
2026-09-18,33.3,18.8,0.0,5,7.2,14.8,1,GMT+1,Oulad Yaïch,32.4167,-6.3333,Morocco,25785,25785,Hot,No Rain,Calm,False,20
2026-09-19,37.4,20.5,0.0,5,8.4,18.0,3,GMT+1,Oulad Yaïch,32.4167,-6.3333,Morocco,25785,25785,Very Hot,No Rain,Calm,False,20
2026-09-20,38.1,26.6,0.3,3,16.1,29.5,2,GMT+1,Oulad Yaïch,32.4167,-6.3333,Morocco,25785,25785,Very Hot,Light Rain,Breeze,True,20
2026-09-21,36.8,28.1,0.9,9,18.6,37.1,80,GMT+1,Oulad Yaïch,32.4167,-6.3333,Morocco,25785,25785,Very Hot,Light Rain,Breeze,True,20
2026-09-15,36.0,20.5,0.0,5,19.2,36.0,3,GMT+1,Zawyat ech Cheïkh,32.6541,-5.9214,Morocco,25088,25088,Very Hot,No Rain,Breeze,False,20
2026-09-16,31.9,16.9,0.0,0,13.8,25.6,0,GMT+1,Zawyat ech Cheïkh,32.6541,-5.9214,Morocco,25088,25088,Hot,No Rain,Breeze,False,20
2026-09-17,30.4,16.6,0.0,5,14.4,27.4,3,GMT+1,Zawyat ech Cheïkh,32.6541,-5.9214,Morocco,25088,25088,Hot,No Rain,Breeze,False,20
2026-09-18,31.5,15.3,0.0,13,10.1,19.4,2,GMT+1,Zawyat ech Cheïkh,32.6541,-5.9214,Morocco,25088,25088,Hot,No Rain,Breeze,False,20
2026-09-19,35.1,18.4,0.0,4,11.9,22.0,2,GMT+1,Zawyat ech Cheïkh,32.6541,-5.9214,Morocco,25088,25088,Very Hot,No Rain,Breeze,False,20
2026-09-20,37.2,23.2,0.0,2,16.9,33.5,2,GMT+1,Zawyat ech Cheïkh,32.6541,-5.9214,Morocco,25088,25088,Very Hot,No Rain,Breeze,False,20
2026-09-21,35.4,21.6,0.6,0,14.9,29.9,80,GMT+1,Zawyat ech Cheïkh,32.6541,-5.9214,Morocco,25088,25088,Very Hot,Light Rain,Breeze,True,20
2026-09-15,33.2,25.5,0.0,5,26.1,45.0,3,GMT+1,Imi-n-Tanout,31.177,-8.8504,Morocco,25049,25049,Hot,No Rain,Windy,False,20
2026-09-16,30.3,20.2,0.0,0,25.0,44.6,1,GMT+1,Imi-n-Tanout,31.177,-8.8504,Morocco,25049,25049,Hot,No Rain,Windy,False,20
2026-09-17,25.3,16.5,0.0,0,18.3,31.7,45,GMT+1,Imi-n-Tanout,31.177,-8.8504,Morocco,25049,25049,Warm,No Rain,Breeze,False,10
2026-09-18,27.0,16.2,0.0,8,18.1,32.8,45,GMT+1,Imi-n-Tanout,31.177,-8.8504,Morocco,25049,25049,Warm,No Rain,Breeze,False,10
2026-09-19,31.0,19.8,0.0,10,16.8,33.1,1,GMT+1,Imi-n-Tanout,31.177,-8.8504,Morocco,25049,25049,Hot,No Rain,Breeze,False,20
2026-09-20,33.5,24.2,0.0,4,15.2,29.9,3,GMT+1,Imi-n-Tanout,31.177,-8.8504,Morocco,25049,25049,Hot,No Rain,Breeze,False,20
2026-09-21,31.2,23.3,0.0,3,19.2,32.4,3,GMT+1,Imi-n-Tanout,31.177,-8.8504,Morocco,25049,25049,Hot,No Rain,Breeze,False,20
2026-09-15,38.3,24.6,0.0,3,24.1,45.7,3,GMT+1,Sebt Gzoula,32.1219,-9.0889,Morocco,24600,24600,Very Hot,No Rain,Windy,False,20
2026-09-16,31.2,20.7,0.0,0,21.0,39.2,2,GMT+1,Sebt Gzoula,32.1219,-9.0889,Morocco,24600,24600,Hot,No Rain,Windy,False,20
2026-09-17,28.3,18.2,0.0,0,18.1,34.6,3,GMT+1,Sebt Gzoula,32.1219,-9.0889,Morocco,24600,24600,Warm,No Rain,Breeze,False,10
2026-09-18,31.3,18.2,0.0,0,18.9,36.7,2,GMT+1,Sebt Gzoula,32.1219,-9.0889,Morocco,24600,24600,Hot,No Rain,Breeze,False,20
2026-09-19,33.9,17.9,0.0,0,15.9,30.6,1,GMT+1,Sebt Gzoula,32.1219,-9.0889,Morocco,24600,24600,Hot,No Rain,Breeze,False,20
2026-09-20,30.6,21.6,0.0,0,18.3,34.6,2,GMT+1,Sebt Gzoula,32.1219,-9.0889,Morocco,24600,24600,Hot,No Rain,Breeze,False,20
2026-09-21,27.2,18.7,0.0,0,14.8,28.1,45,GMT+1,Sebt Gzoula,32.1219,-9.0889,Morocco,24600,24600,Warm,No Rain,Breeze,False,10
2026-09-15,37.7,25.6,0.0,8,22.2,41.4,1,GMT+1,Tifariti,26.158,-10.567,Morocco,3000,3000,Very Hot,No Rain,Windy,False,20
2026-09-16,38.5,23.5,0.0,0,37.3,54.4,0,GMT+1,Tifariti,26.158,-10.567,Morocco,3000,3000,Very Hot,No Rain,Strong Wind,False,40
2026-09-17,31.1,17.7,0.0,0,37.5,54.4,1,GMT+1,Tifariti,26.158,-10.567,Morocco,3000,3000,Hot,No Rain,Strong Wind,False,40
2026-09-18,29.6,16.8,0.0,0,36.4,53.6,3,GMT+1,Tifariti,26.158,-10.567,Morocco,3000,3000,Warm,No Rain,Strong Wind,False,30
2026-09-19,31.7,16.6,0.0,0,24.5,41.8,3,GMT+1,Tifariti,26.158,-10.567,Morocco,3000,3000,Hot,No Rain,Windy,False,20
2026-09-20,37.5,18.5,0.0,6,16.0,28.8,0,GMT+1,Tifariti,26.158,-10.567,Morocco,3000,3000,Very Hot,No Rain,Breeze,False,20
2026-09-21,38.6,25.5,0.0,20,21.3,37.8,2,GMT+1,Tifariti,26.158,-10.567,Morocco,3000,3000,Very Hot,No Rain,Windy,False,20
